Crime ID,Month,Reported by,Falls within,Longitude,Latitude,Location,LSOA code,LSOA name,Outcome type
1dba79af99b7cc08223138a989bfcb1efe65fe5935f7282a5a51f87affdb2f27,2022-04,Gwent Police,Gwent Police,-2.977096,51.595908,On or near CORNWALL ROAD,W01001679,Newport 007D,Investigation complete; no suspect identified
a385fc989667086750940b808e47f1c5d051f383871f0c8a44c449559a1de60f,2022-04,Gwent Police,Gwent Police,-3.025509,51.822692,On or near MERTHYR ROAD,W01001557,Monmouthshire 001C,Investigation complete; no suspect identified
0b75cb9566d6c808107e3dabd05c47c89b0c27571d49db51a2369dd0cd04dfb3,2022-04,Gwent Police,Gwent Police,-3.253499,51.769428,On or near ATTLEE CLOSE,W01001479,Blaenau Gwent 006D,Investigation complete; no suspect identified
2312dab3e4311af99351e0ce0d86a0ed3424cad55dd14cb4c60fbee8489c7098,2022-04,Gwent Police,Gwent Police,-3.026464,51.637864,On or near TY-COCH LANE,W01001534,Torfaen 012C,Investigation complete; no suspect identified
6f5593db1a02cef2f1d975dcea3429f8850539e76e490b210f4f986dba01ad28,2022-04,Gwent Police,Gwent Police,-3.238438,51.769291,On or near KIMBERLEY TERRACE,W01001463,Blaenau Gwent 006B,Investigation complete; no suspect identified
d3d54c280ba43918c35f6e3500c526dc66273e7b38c67864f31873c1786c49e1,2022-04,Gwent Police,Gwent Police,-3.083699,51.769175,On or near SYCAMORE ROAD,W01001487,Torfaen 001A,Investigation complete; no suspect identified
698e725befd0320aa3a8dd5021d278b981127c17cd7ce91bbd1b6960f8359b8d,2022-04,Gwent Police,Gwent Police,-3.023849,51.662902,On or near PARKLANDS CLOSE,W01001520,Torfaen 007B,Investigation complete; no suspect identified
c0c2e2f17131ce9321c979e8d7977c636e045f06cf0ab6d77854bf0f97652118,2022-04,Gwent Police,Gwent Police,-2.998418,51.582053,On or near DEWSLAND PARK ROAD,W01001686,Newport 014C,Investigation complete; no suspect identified
7b98e5a7e59b12c07ab80c5b5890d948cba8106ca1beacb5ea0dfa5c194dcc63,2022-04,Gwent Police,Gwent Police,-3.028345,51.833187,On or near CHAIN ROAD,W01001545,Monmouthshire 001A,Investigation complete; no suspect identified
d69118c315b96c2b49ed87dcb4e0104086a12be45275a566a1ad9ae522a2858a,2022-04,Gwent Police,Gwent Police,-3.338258,51.654425,On or near PONTCYNON TERRACE,W01001145,Rhondda Cynon Taf 012C,Investigation complete; no suspect identified
b81961786b1b0727ff600399f8da27e62af8c96ffd95c14fe27c13830e87cef5,2022-04,Gwent Police,Gwent Police,-2.682821,51.641517,On or near DANES CLOSE,W01001585,Monmouthshire 007C,Investigation complete; no suspect identified
9bc240ffccb686a33b65f45beb944860360e8eec88c891f69642b723d4137c6f,2022-04,Gwent Police,Gwent Police,-3.012724,51.583495,On or near OMBERSLEY LANE,W01001605,Newport 014A,Investigation complete; no suspect identified
bc3884b3db3a6437d6df9e6d052fe125134e4b718edb52aef1d1300a8d5304d8,2022-04,Gwent Police,Gwent Police,-2.994487,51.587085,On or near Supermarket,W01001687,Newport 014D,Investigation complete; no suspect identified
97322b2b9846c054da696598e9dff0f48bfe97488aeab0db392c4e611fe0e1fa,2022-04,Gwent Police,Gwent Police,-3.100341,51.614294,On or near YORK PLACE,W01001411,Caerphilly 017A,Investigation complete; no suspect identified
b7e6cbb52aa8f42189289e4effb487e551870a7f2e3a4a71385035b74ca942e3,2022-04,Gwent Police,Gwent Police,-3.216250,51.779009,On or near Shopping Area,W01001457,Blaenau Gwent 004D,Investigation complete; no suspect identified
8e4ea6662790a0ae00848b3314d8c3723586c899604756fd4f0438976fcec820,2022-04,Gwent Police,Gwent Police,-3.000396,51.597861,On or near GOODRICH LANE,W01001681,Newport 006B,Investigation complete; no suspect identified
f1e02894df120047d351e26dd57147a05afe3bfebaef1cbc68e2a94bd2cc6729,2022-04,Gwent Police,Gwent Police,-3.133436,51.682890,On or near BAILLIE SMITH AVENUE,W01001464,Blaenau Gwent 009A,Investigation complete; no suspect identified
c9a9f7646770b72046ec44848fe2468efc73437f6c8e8d24f9ce23efa8080a2e,2022-04,Gwent Police,Gwent Police,-2.674753,51.642175,On or near BEAUFORT SQUARE,W01001587,Monmouthshire 008C,Investigation complete; no suspect identified
bc6ef0e05c5e42dcc08515c8d424b71c7f8317448d9df86354fc45a693050d4e,2022-04,Gwent Police,Gwent Police,-2.983313,51.591666,On or near HEREFORD STREET,W01001692,Newport 011E,Investigation complete; no suspect identified
422050e3aebc72b7b9405fc105d00f8d426103997098b4ccad52ac8995224937,2022-04,Gwent Police,Gwent Police,-3.076215,51.597514,On or near MEADOWLANDS DRIVE,W01001636,Newport 020A,Investigation complete; no suspect identified
f38320504b80d0afafdf994b9fe79069c8af275a54744bb7a400cd335f22a45e,2022-04,Gwent Police,Gwent Police,-3.035835,51.697801,On or near RHES PEN-Y-GRIAG,W01001524,Torfaen 004D,Investigation complete; no suspect identified
743e8f552948fc510565eb26c3b1f310cecb617a5368189f7b9c9cbe84f25ed0,2022-04,Gwent Police,Gwent Police,-3.069209,51.734933,On or near EARL CLOSE,W01001483,Torfaen 002B,Investigation complete; no suspect identified
c86e79e69d6946648635aa1f003d0b6540e4d3ddff0ad6d1c8ee0895f9702969,2022-04,Gwent Police,Gwent Police,-3.123414,51.580662,On or near MELIN DWR,W01001419,Caerphilly 021D,Investigation complete; no suspect identified
989e89d36dceddaa15aa08e96e9c10b656fa6e8662a969d766c51c2fe725d47f,2022-04,Gwent Police,Gwent Police,-3.022771,51.656132,On or near GRANGE LANE,W01001519,Torfaen 007A,Investigation complete; no suspect identified
098db29d1c933d74dfc16bbb06337dc322f58893725cbed1868e6f155efb1490,2022-04,Gwent Police,Gwent Police,-3.167724,51.780347,On or near BEAUMONT CLOSE,W01001468,Blaenau Gwent 005E,Investigation complete; no suspect identified
dde9908cae8a5fd6ae9eb2dccf636ac385fa38e3adc97f6c4deddde0e2d207fc,2022-04,Gwent Police,Gwent Police,-2.956643,51.589279,On or near CHEPSTOW ROAD,W01001608,Newport 008B,Investigation complete; no suspect identified
1f2fa41d9c607690dd7547bf37c566021c71cdda331fa48dfac898d9aecff4e0,2022-04,Gwent Police,Gwent Police,-3.187934,51.627970,On or near ALEXANDRA ROAD,W01001431,Caerphilly 015C,Investigation complete; no suspect identified
aa6b4271321b89f17fb35a17dd60b6bc361da7a123e3595642944a9f93253204,2022-04,Gwent Police,Gwent Police,-2.660792,51.647119,On or near SEDBURY CHASE,E01022275,Forest of Dean 010E,Investigation complete; no suspect identified
d1f4ae5145013e7bb71e23ae75410238e4f5bcdc6232e8b9ca03dd7a8c14ecc4,2022-04,Gwent Police,Gwent Police,-3.230340,51.580560,On or near MELIN GWLAN,W01001396,Caerphilly 023D,Investigation complete; no suspect identified
c4c572112a59c4f9cb0b4f51519e6e3e4e9866a9ffab8461d7bab63a63747da7,2022-04,Gwent Police,Gwent Police,,,No location,,,Investigation complete; no suspect identified
e21455fbfa24b97df07b5982fff956eb8bd3879cf603526bd0dfe4e3d79cde2a,2022-04,Gwent Police,Gwent Police,-3.232117,51.689899,On or near SOUTH STREET,W01001338,Caerphilly 004C,Investigation complete; no suspect identified
979a3eebb4a4f40bc33007f7c21e77e03910fae453e033238bff1b4c46b43367,2022-04,Gwent Police,Gwent Police,-3.229332,51.689101,On or near Police Station,W01001338,Caerphilly 004C,Investigation complete; no suspect identified
18cf8a63db811abd4541675d4af0765fc7e342edeb86f34f6581b4f97f3ad68e,2022-04,Gwent Police,Gwent Police,-3.244290,51.722815,On or near CHAPEL STREET,W01001384,Caerphilly 002C,Investigation complete; no suspect identified
180dba7ad217f5b8f9d3ce279fd899d38dbfa43d90d1107d757554b2cb73387e,2022-04,Gwent Police,Gwent Police,-2.836430,51.588435,On or near Motorway Service Area,W01001573,Monmouthshire 011B,Investigation complete; no suspect identified
97bcf3ccd447f646c280778b95169a36a431212aee7526b392de4139477648a0,2022-04,Gwent Police,Gwent Police,-3.028654,51.690563,On or near STAFFORD ROAD,W01001514,Torfaen 006A,Investigation complete; no suspect identified
bb6592898b5217e49443aa5c4f168f3ccd8fe043a0d40124d42551771f951032,2022-04,Gwent Police,Gwent Police,-3.077863,51.772996,On or near Parking Area,W01001487,Torfaen 001A,Investigation complete; no suspect identified
9c5f9acfb2f6ef5e8934bbc215ce5892a2f31d36e93421fea97918e318f26ead,2022-04,Gwent Police,Gwent Police,-3.229375,51.568845,On or near BRYNGWYN,W01001426,Caerphilly 024E,Investigation complete; no suspect identified
a2931cc38a4e6b955e997dc96f33c4ef8947a423fab7d847498e89e53dfe18ed,2022-04,Gwent Police,Gwent Police,-3.033119,51.681460,On or near TERAS Y FFYNNON,W01001518,Torfaen 006E,Investigation complete; no suspect identified
08832bc6dd9767816f37c3b9bb51621992a247bcbff35eeb9a43f8d902aef244,2022-04,Gwent Police,Gwent Police,-2.993758,51.599302,On or near ALDERNEY STREET,W01001681,Newport 006B,Investigation complete; no suspect identified
06b8f92974767ec3e1980a557a644d870f06e34e502ce62046d36514de35e237,2022-04,Gwent Police,Gwent Police,-3.026521,51.689655,On or near COEDYGRIC ROAD,W01001515,Torfaen 006B,Investigation complete; no suspect identified
6b600dcbbdac898c1cd5cc7ec383df9354e6be737fd693dba60d9b0d0bad303a,2022-04,Gwent Police,Gwent Police,-2.996478,51.577169,On or near BELL VUE TERRACE,W01001659,Newport 018A,Investigation complete; no suspect identified
377392df34e92a29dd0d21a4167af71274351e76f4b035fb10c20b420b57e785,2022-04,Gwent Police,Gwent Police,-3.056538,51.711940,On or near CHARLESVILLE,W01001529,Torfaen 003B,Investigation complete; no suspect identified
9ed91ea6b20199ad9bab4517b5bb14331f4eda5615745940148351c257878581,2022-04,Gwent Police,Gwent Police,-2.992071,51.590828,On or near CLARENCE PLACE,W01001693,Newport 013E,Investigation complete; no suspect identified
dbb65878ec9626ef62cd0231130b556af901f8617654bf3602251f26db29eb50,2022-04,Gwent Police,Gwent Police,-3.041656,51.703621,On or near Supermarket,W01001524,Torfaen 004D,Investigation complete; no suspect identified
2f7fea5937a138cc911adb7757c56d59b1f4ff3709c3d47825f67009f015c0fa,2022-04,Gwent Police,Gwent Police,-3.092367,51.522742,On or near THRUSH CLOSE,W01001882,Cardiff 011C,Investigation complete; no suspect identified
787b458286d07daff94f955f3a2f4995dc4fb4e312e744c1920961ddd4e10916,2022-04,Gwent Police,Gwent Police,-2.990649,51.579214,On or near FRANCIS DRIVE,W01001662,Newport 018D,Investigation complete; no suspect identified
74a6e71cdfea1f9f5633849490724b463bbbd7ad0711f6c3a9ba1500e474550b,2022-04,Gwent Police,Gwent Police,-2.952611,51.573838,On or near Further/Higher Educational Building,W01001647,Newport 015F,Investigation complete; no suspect identified
27ad16a43783a485647acda50da65b91f544a8064078c79e338f6feb4c15d960,2022-04,Gwent Police,Gwent Police,-2.745975,51.592309,On or near JOLYONS COURT,W01001589,Monmouthshire 010E,Investigation complete; no suspect identified
8b57c93611ae39982df5cc30123fbd8e1893a8f2f0e838d89bc6f79c5e4a04e5,2022-04,Gwent Police,Gwent Police,-3.084888,51.776429,On or near CASTLE STREET,W01001488,Torfaen 001B,Investigation complete; no suspect identified
63c551af37abb8a3267dc3a53326e98e91bf3471ee006d54281ac67fbd7b05f3,2022-04,Gwent Police,Gwent Police,-3.246665,51.775957,On or near Supermarket,W01001481,Blaenau Gwent 006E,Investigation complete; no suspect identified
42b190b3c7c89fcaf689df6ceaf1c92ba81fc42a5c87981b18fa771274e5eb45,2022-04,Gwent Police,Gwent Police,-3.243907,51.567901,On or near CAE NANT GOCH,W01001398,Caerphilly 024A,Investigation complete; no suspect identified
dd9ad89470c58c1ca0af8a5e4f378f7b5b2388349877ae8001393819ea32407c,2022-04,Gwent Police,Gwent Police,-3.206994,51.771660,On or near SPENCER STREET,W01001461,Blaenau Gwent 007F,Investigation complete; no suspect identified
549e80703464ac99332d2801587f0fa58419e8ea0db18b892f27dcf22c4e213a,2022-04,Gwent Police,Gwent Police,-2.945278,51.576495,On or near CENTRAL AVENUE,W01001646,Newport 015E,Investigation complete; no suspect identified
83db58a2e0a6b1de788af2891f6b279ee44f56a15dd3092d2abe0c40fb646660,2022-04,Gwent Police,Gwent Police,-3.241991,51.571716,On or near TREM TWR Y DRWM,W01001398,Caerphilly 024A,Investigation complete; no suspect identified
9625dbc0aaac4b0c8a32713d9e1b533f272c7952f2b51e80e29236545ff64a7b,2022-04,Gwent Police,Gwent Police,-3.236318,51.641255,On or near COMMERCIAL STREET,W01001433,Caerphilly 013E,Investigation complete; no suspect identified
98b621674f3ba6e2bc26622363c6bc4b2d8f7658796157cc652a7e544a896f9a,2022-04,Gwent Police,Gwent Police,-3.171906,51.591283,On or near DANYGRAIG,W01001345,Caerphilly 021C,Investigation complete; no suspect identified
b7602e71c5376f30c089357a3d4b3c9543225b643a9b5e9abfaf2f5e8565f38e,2022-04,Gwent Police,Gwent Police,-3.183226,51.801034,On or near GURNOS ESTATE,W01001449,Blaenau Gwent 002D,Investigation complete; no suspect identified
4119fc1e4d2030eb3aa2204f2105213f45f6c927da5550707cad2e55b925a9e7,2022-04,Gwent Police,Gwent Police,-3.225186,51.585839,On or near Supermarket,W01001371,Caerphilly 022A,Investigation complete; no suspect identified
040cce16b019142c2102c1fa15a00e46ed21d3695c7a9a2d06aa438e0a7dbcee,2022-04,Gwent Police,Gwent Police,-2.992315,51.582113,On or near COMMERCIAL ROAD,W01001687,Newport 014D,Investigation complete; no suspect identified
38c809f33d218ce2633eb274269eccf2a01da6de7ee82cf57042e44bfdce9d0e,2022-04,Gwent Police,Gwent Police,-3.019324,51.658436,On or near PLAS TWYN,W01001519,Torfaen 007A,Investigation complete; no suspect identified
9cb997b216143ea4580f6f6b4947590239a1802eb206a44ce2d5f0a56e27dd2f,2022-04,Gwent Police,Gwent Police,-2.992140,51.586683,On or near KINGSWAY,W01001687,Newport 014D,Investigation complete; no suspect identified
e42a02e827dc2d2cb1342fdad9b89353a2c2e0b051079631fae0ba4d65e360ff,2022-04,Gwent Police,Gwent Police,-3.131183,51.735818,On or near DUFFRYN ROAD,W01001437,Blaenau Gwent 008C,Investigation complete; no suspect identified
ea9df6908f9f60cc762f9f5fe281212ba091df95298c7858453900b6808dacb2,2022-04,Gwent Police,Gwent Police,-3.218792,51.687718,On or near BYRON ROAD,W01001326,Caerphilly 003B,Investigation complete; no suspect identified
eeb291a1c193dea9a457d3632587480600396ef0f3af318dae69029f4098900f,2022-04,Gwent Police,Gwent Police,-3.239976,51.768331,On or near Parking Area,W01001463,Blaenau Gwent 006B,Investigation complete; no suspect identified
46517152808dd0b5b3317f9282e731fa8992adaebf805c4d6654dede7ba92d35,2022-04,Gwent Police,Gwent Police,-3.231758,51.604706,On or near JAMES STREET,W01001368,Caerphilly 019C,Investigation complete; no suspect identified
bb2210aa3ba7a6b17eb6abdbfd4b38631999edc87d3e95dc32d1827a9e4af465,2022-04,Gwent Police,Gwent Police,-3.221907,51.570695,On or near RECTORY CLOSE,W01001424,Caerphilly 024C,Investigation complete; no suspect identified
a45a0abbd2de4be5b39eee1c14483a6c9d76ddcc272122779feec806b8af777e,2022-04,Gwent Police,Gwent Police,-3.183645,51.799321,On or near Petrol Station,W01001447,Blaenau Gwent 002B,Investigation complete; no suspect identified
f916e3edd9411f369be5555f40422612c30da16b9160636dd889a923bd2a6949,2022-04,Gwent Police,Gwent Police,-2.996604,51.602704,On or near BRYNGLAS AVENUE,W01001683,Newport 006D,Investigation complete; no suspect identified
4faefb67f8230b95b9592e0923da9640e3f5eab0421a98fdc45d557c1fd1a9ff,2022-04,Gwent Police,Gwent Police,-3.276667,51.742501,On or near EDMUND STREET,W01001406,Caerphilly 001D,Investigation complete; no suspect identified
bce0227c77a48e699ba6d84099018dd275c776e006ce688b95a435c2627b0790,2022-04,Gwent Police,Gwent Police,-3.186846,51.800817,On or near BRYN COCH,W01001447,Blaenau Gwent 002B,Investigation complete; no suspect identified
4a73104ba54b319d7f4de2710678c8c89c557eda7323925ac568a50d92735c5c,2022-04,Gwent Police,Gwent Police,-3.284310,51.759700,On or near Petrol Station,W01001375,Caerphilly 001B,Investigation complete; no suspect identified
9258168891ee458c3c89852a37bc0a6be913f8cd27e7be29c15356f6a3d6ff29,2022-04,Gwent Police,Gwent Police,-3.072691,51.606070,On or near MOUNTSIDE,W01001407,Caerphilly 016A,Investigation complete; no suspect identified
7920e9e37f16233408965b08666db34198145d07fc51eed3b26f6182c6d0bcc6,2022-04,Gwent Police,Gwent Police,-3.035476,51.612924,On or near MEDWAY ROAD,W01001619,Newport 003C,Investigation complete; no suspect identified
618558bf9f90d14ecc6866ab36b8c67c95ccdba5005a3f38ffa0505e5b6967be,2022-04,Gwent Police,Gwent Police,-3.353556,51.723864,On or near DUFFRYN FAWR,W01001314,Merthyr Tydfil 005A,Investigation complete; no suspect identified
66b52522bfea4c8a7c98cc5d70a8e12d22b4209538843a26a62758ab9873ea03,2022-04,Gwent Police,Gwent Police,-3.026337,51.686654,On or near CHARLES STREET,W01001514,Torfaen 006A,Investigation complete; no suspect identified
5bc4200cfa1c6a5ffef53fd0fc7a1cfb2bebe26c11c2689100d434699907217e,2022-04,Gwent Police,Gwent Police,-3.261242,51.788794,On or near HIGHFIELD CLOSE,W01001474,Blaenau Gwent 003C,Investigation complete; no suspect identified
d247aabc2eee7fa7c28cb91cda957584ca8acd81719ddca8f37e59395f5b40ab,2022-04,Gwent Police,Gwent Police,-3.034047,51.678368,On or near SPRINGFIELD ROAD,W01001516,Torfaen 006C,Investigation complete; no suspect identified
b0dacc774ff77699ec24049857c71ea73beebe84ad23fc84bb85da3c96efa82c,2022-04,Gwent Police,Gwent Police,-3.025637,51.560840,On or near JAMAICA CIRCLE,W01001913,Newport 020F,Investigation complete; no suspect identified
75970908967abf700b807ffb2cc2c3eade36991ae7aad1b374a3ee7388195031,2022-04,Gwent Police,Gwent Police,-3.034418,51.654042,On or near WOODLAND STREET,W01001528,Torfaen 010D,Investigation complete; no suspect identified
414383d10411f8ad2b4c44370d308009a1b438c3847249ca9ef32c7478e2880c,2022-04,Gwent Police,Gwent Police,-3.203830,51.583362,On or near HEOL MAERDY,W01001420,Caerphilly 022D,Investigation complete; no suspect identified
b59a013704447bd90bd5497242e52d8254632ae89bcec45808c53f1b68a05bfe,2022-04,Gwent Police,Gwent Police,-3.068018,51.737228,On or near GELLI RHWY ROAD,W01001483,Torfaen 002B,Investigation complete; no suspect identified
3a4e01e50af3cc790e53a67c98943b62d0990d7b73303d1ece6830b88f51f085,2022-04,Gwent Police,Gwent Police,-3.089095,51.606054,On or near ISLWYN COURT,W01001408,Caerphilly 016B,Investigation complete; no suspect identified
aaf8b2366a19a8d052303d9078358c4886b2840a85946d065ac73dc14c2f47b7,2022-04,Gwent Police,Gwent Police,-2.964147,51.615734,On or near ST CADOC'S CLOSE,W01001626,Newport 001D,Investigation complete; no suspect identified
346aa951e97d0df6d9909793509b006e45623d89287b029879a2c862aaac7657,2022-04,Gwent Police,Gwent Police,-3.009412,51.574064,On or near Petrol Station,W01001629,Newport 017A,Investigation complete; no suspect identified
95d264c6c2a39ff0eb3fc7fef42de41e853cb28e5f96c4fdb588c7b3d3b633be,2022-04,Gwent Police,Gwent Police,-3.204997,51.781013,On or near THE DINGLE,W01001461,Blaenau Gwent 007F,Investigation complete; no suspect identified
4ae8655faf9b2f345002636286a8b28b90f0f6d2b8279460ae3c423d4b5425ee,2022-04,Gwent Police,Gwent Police,-3.040139,51.699975,On or near Supermarket,W01001524,Torfaen 004D,Investigation complete; no suspect identified
563b90f12a0092a147f40c6195bfd7660dbdd62dbe2ef3b9b6d0820d5e21abb0,2022-04,Gwent Police,Gwent Police,-2.978509,51.577041,On or near ARIEL CLOSE,W01001661,Newport 018C,Investigation complete; no suspect identified
5b74972979f10fe9afafb4ad61ec7c8b1b68e0f33b2f6ece15e9652a9fe88734,2022-04,Gwent Police,Gwent Police,-2.983134,51.589411,On or near MARLBOROUGH ROAD,W01001692,Newport 011E,Investigation complete; no suspect identified
d63a1653ea2b3fdc1fbdfcd4dcf989f80dcadda9bbbe39121ea95779fdbcd99a,2022-04,Gwent Police,Gwent Police,-2.997427,51.582259,On or near VICARAGE HILL,W01001686,Newport 014C,Investigation complete; no suspect identified
43e80ac6e1d51abf8bd87b6b13b42e8f5e206c2feefdd4c7221268c2f5e70171,2022-04,Gwent Police,Gwent Police,-3.164254,51.775606,On or near QUEEN STREET,W01001443,Blaenau Gwent 005A,Investigation complete; no suspect identified
37f51e7c79ba1b087922e3e36ea9a043e98f207ad62fd7505bc7eb642b176307,2022-04,Gwent Police,Gwent Police,-3.013784,51.818100,On or near MONMOUTH ROAD,W01001564,Monmouthshire 003D,Investigation complete; no suspect identified
45dbc90c41ce119753c1407a94298bb4db3906334714dfb4ec6b7d6357701799,2022-04,Gwent Police,Gwent Police,-2.973003,51.602362,On or near BADMINTON ROAD,W01001678,Newport 005D,Investigation complete; no suspect identified
0ad20fd966d1bd3ce7d43e855545285f0a7f51d1f1a19d849cb9b5b18914ee95,2022-04,Gwent Police,Gwent Police,-3.144456,51.662741,On or near BLAEN-BLODAU STREET,W01001383,Caerphilly 010D,Investigation complete; no suspect identified
26c937c436330a0ca32af81ad61c8ad71c78d20fc8236cdd4aa13013612f69d0,2022-04,Gwent Police,Gwent Police,-3.236023,51.580941,On or near HEOL FACH,W01001395,Caerphilly 023C,Investigation complete; no suspect identified
427ce9d60eefc4539d7d2b8fe05eb05ab3ec87fa6b0c1f6058fbaa4c01b723a1,2022-04,Gwent Police,Gwent Police,-2.990671,51.580886,On or near TREDEGAR STREET,W01001661,Newport 018C,Investigation complete; no suspect identified
e5ee973f3af17fd6ab14ce35870313771af8972ca181ce0a44516ed1414f65fe,2022-04,Gwent Police,Gwent Police,-3.213547,51.588378,On or near CASTELL MORGRAIG,W01001371,Caerphilly 022A,Investigation complete; no suspect identified
d61c057ddeb17d80f8c460684d43471ab578bf1cdd5cff0a2e53487498c251af,2022-04,Gwent Police,Gwent Police,-2.816264,51.623797,On or near LIME KILN COURT,W01001640,Newport 004B,Investigation complete; no suspect identified
6171e163b48b9d8c7c41d3079d64e8f68621ea5d2001a519404cbcca78aafbc2,2022-04,Gwent Police,Gwent Police,-3.208480,51.775205,On or near Hospital,W01001461,Blaenau Gwent 007F,Investigation complete; no suspect identified
599309c79fb43404c9ec076144567e78d7aecc4ba810797b099f178cc26ca6c7,2022-04,Gwent Police,Gwent Police,-2.920890,51.622906,On or near Park/Open Space,W01001625,Newport 001C,Investigation complete; no suspect identified
7648f015b13e89efe69ed450e39bcb5dce8093af6ea8f79614e23522999a7a19,2022-04,Gwent Police,Gwent Police,-2.673678,51.637893,On or near CAIRD STREET,W01001587,Monmouthshire 008C,Investigation complete; no suspect identified
ae0de8b1f3f97908ca98a2c4010cd246f90b36d90f04b027c1aaa89eb0dcb6fa,2022-04,Gwent Police,Gwent Police,-3.131481,51.702529,On or near BLAEN-CYFFIN ROAD,W01001465,Blaenau Gwent 009B,Investigation complete; no suspect identified
5345cb66738c883974ebdd3c68e3e9e97a590c5de35b1ec279a89776c29c6fac,2022-04,Gwent Police,Gwent Police,-3.224325,51.617184,On or near GLYN COLLEN,W01001366,Caerphilly 019A,Investigation complete; no suspect identified
98658afdf8a8cfe8d8b2b0d6d064d26462241c12fe2d135c3c382afe52a32dbe,2022-04,Gwent Police,Gwent Police,-3.015453,51.615265,On or near PENNY CRESCENT,W01001652,Newport 002B,Investigation complete; no suspect identified
a06365a707c8f2453b98949d56ea4436ff00a86b58a41d62623dcd101388722f,2022-04,Gwent Police,Gwent Police,-3.048683,51.717783,On or near BARN CLOSE,W01001530,Torfaen 003C,Investigation complete; no suspect identified
5e5218a4f4e21080dc2b374d33eecb95b2555cb453c187024871a515f29c66ef,2022-04,Gwent Police,Gwent Police,-2.967490,51.601788,On or near WORCESTER CRESCENT,W01001614,Newport 005A,Investigation complete; no suspect identified
1ea1083baca567fba6fcb779394de87379ea900e2193fe589a5d919a7f2ddba8,2022-04,Gwent Police,Gwent Police,-3.024455,51.553837,On or near MORGRAIG AVENUE,W01001912,Newport 020E,Investigation complete; no suspect identified
08e53abf5b2d5bdd370e1494ea1bc43cd7e21f32a128524e4918d66809872e02,2022-04,Gwent Police,Gwent Police,-2.757078,51.595035,On or near ASH GROVE,W01001551,Monmouthshire 010C,Investigation complete; no suspect identified
80678de5123c4d1461074a9bddf0df8356a226b9b0017ef5ce1fe618654955b9,2022-04,Gwent Police,Gwent Police,-2.941580,51.587495,On or near STANFORD ROAD,W01001609,Newport 015B,Investigation complete; no suspect identified
d80045177f34ac7b159abcd1d41d14414ce44a27cb4347fd38bc42aa7cb920c1,2022-04,Gwent Police,Gwent Police,-3.055594,51.586767,On or near A467,W01001672,Newport 009C,Investigation complete; no suspect identified
5c2f659968dbcd7f8abf7e79e586199d7d03f7d70fdc88da5b507d31e56b791c,2022-04,Gwent Police,Gwent Police,-3.174584,51.784909,On or near WOODLAND TERRACE,W01001468,Blaenau Gwent 005E,Investigation complete; no suspect identified
10fe1653bad2397ac164d8abdd18d77d1f55fbb5c2727040edbb988d59001f98,2022-04,Gwent Police,Gwent Police,-3.142305,51.705958,On or near BRYN-ITHEL TERRACE,W01001465,Blaenau Gwent 009B,Investigation complete; no suspect identified
bb590f28acca349f4a10a3ec1032f23703cebb196a5b3d868ccf408d6b5d57f4,2022-04,Gwent Police,Gwent Police,-2.952611,51.573838,On or near Further/Higher Educational Building,W01001647,Newport 015F,Investigation complete; no suspect identified
3e4774c8fc108c849e88b3ff0ba0bd6ed68b10bde40913f4af5fb829f1ba2358,2022-04,Gwent Police,Gwent Police,-2.967587,51.579874,On or near COLSTON AVENUE,W01001642,Newport 013A,Investigation complete; no suspect identified
adeafe140c19f2c1c34bc065f35ff1084dd6e06150ef9b9955f5fea3d8cc68f1,2022-04,Gwent Police,Gwent Police,-2.946911,51.580771,On or near BROADMEAD PARK,W01001646,Newport 015E,Investigation complete; no suspect identified
236ca1087366536a98a6d6eb84dd38da86247bb98987eec42aa8c8078c0d28c0,2022-04,Gwent Police,Gwent Police,-3.143671,51.664871,On or near Parking Area,W01001383,Caerphilly 010D,Investigation complete; no suspect identified
1892897a1e059107e65afbd3d570db0588c69e13ba50b0aeee889ffc1f535165,2022-04,Gwent Police,Gwent Police,-3.253499,51.769428,On or near ATTLEE CLOSE,W01001479,Blaenau Gwent 006D,Investigation complete; no suspect identified
74588eb42d33e479f3002c5f0c84916895cd45d3d949c014951036afafe8c737,2022-04,Gwent Police,Gwent Police,-2.976051,51.584920,On or near WALSALL STREET,W01001644,Newport 013C,Investigation complete; no suspect identified
6ce843cf7a9270c4e9182e717332fb89850d22bac8b04687d4cdc4b686a5735d,2022-04,Gwent Police,Gwent Police,-3.010283,51.603585,On or near BLAEN-Y-PANT PLACE,W01001682,Newport 006C,Investigation complete; no suspect identified
1beda3f199d08c347d0f1d0d3ceacc41b1c4265a96a3422cf311c22f0de1c4db,2022-04,Gwent Police,Gwent Police,-3.244975,51.642332,On or near COED-YR-HAF,W01001432,Caerphilly 013D,Investigation complete; no suspect identified
436ae925b8941ea0c03013fa36ca4e53913108a95993e39d7baad9adf8cc45a4,2022-04,Gwent Police,Gwent Police,-3.018971,51.821670,On or near ST JOHN'S STREET,W01001557,Monmouthshire 001C,Investigation complete; no suspect identified
76c922a0e47271abc04d027a2654c62a5a03c1c44a22898841c10e26156a04dc,2022-04,Gwent Police,Gwent Police,-2.987233,51.576069,On or near CONSTABLES CLOSE,W01001659,Newport 018A,Investigation complete; no suspect identified
6a695dba9044a9feeca08e3658b2189be08b5ec4cc6208fc4307f19d4f647aff,2022-04,Gwent Police,Gwent Police,-2.837630,51.768822,On or near A40,W01001581,Monmouthshire 005E,Investigation complete; no suspect identified
5d6fed4ed01e28b839b49ed1360af55bf6a5daad7f90901b9bc054c52ff5f771,2022-04,Gwent Police,Gwent Police,-3.020026,51.579574,On or near HIGHFIELD ROAD,W01001631,Newport 017C,Investigation complete; no suspect identified
68c176a6eafea64cefd404f5f59584823f36b0b48323508e526e789d95249fa9,2022-04,Gwent Police,Gwent Police,-3.222598,51.572773,On or near LUDLOW STREET,W01001424,Caerphilly 024C,Investigation complete; no suspect identified
a9a0338528042e8fea36a1432de8561ed0f6b769c349bcebc3d79698091914ec,2022-04,Gwent Police,Gwent Police,-2.745604,51.589956,On or near CHEPSTOW ROAD,W01001589,Monmouthshire 010E,Investigation complete; no suspect identified
890980a7e99673bc439e9f16e2d9a828e4b00295865beb3efa1f82eb994a94f1,2022-04,Gwent Police,Gwent Police,-3.457955,51.619307,On or near PARC GELLIFAELOG,W01001248,Rhondda Cynon Taf 016D,Investigation complete; no suspect identified
971ad8b89363c5e535379004dee3ab9a5c4a383659e65ba5995631cae64523b9,2022-04,Gwent Police,Gwent Police,-2.992140,51.586683,On or near KINGSWAY,W01001687,Newport 014D,Investigation complete; no suspect identified
3d248bc0dd810c6f4c15624448f8780126a6cf60cb2fc11ecd50fd8bc0c1561e,2022-04,Gwent Police,Gwent Police,-3.059908,51.641254,On or near INCLINE LANE,W01001492,Torfaen 012A,Investigation complete; no suspect identified
4c132cd6b1a2b11e780e83edd6ebd2549728ae6706b078ae59fbf3b9fa93bb93,2022-04,Gwent Police,Gwent Police,-2.972858,51.588112,On or near ROCHESTER ROAD,W01001613,Newport 011C,Investigation complete; no suspect identified
795ece838629e04e0c5b5aaf58e38cac437b74984f8a68dc69269cfd19971b77,2022-04,Gwent Police,Gwent Police,-3.023212,51.677627,On or near SOUTH STREET,W01001517,Torfaen 006D,Investigation complete; no suspect identified
c8df73a625844c93cf3b570c38f8b91129487bf85b3dd40f97873adee7740275,2022-04,Gwent Police,Gwent Police,-3.027078,51.659960,On or near CAE-YR-EBOL,W01001522,Torfaen 007D,Investigation complete; no suspect identified
2cd1c9cdff06a96b46288c791f3b7364e8d1b5d56a69dd53b6d86a3d5c8f7b1f,2022-04,Gwent Police,Gwent Police,-2.984138,51.586453,On or near Bus/Coach Station,W01001693,Newport 013E,Investigation complete; no suspect identified
a1401b410bfdb490cdbd7f370acbd9d427661fb74ace666a88ff51896dd82514,2022-04,Gwent Police,Gwent Police,-2.931099,51.593756,On or near Sports/Recreation Area,W01001664,Newport 010A,Investigation complete; no suspect identified
fca6e0888684c48dbf6571943651a474e99fcd8a427315b02047da3717d13038,2022-04,Gwent Police,Gwent Police,-3.213881,51.572729,On or near MEADOW CRESCENT,W01001425,Caerphilly 024D,Investigation complete; no suspect identified
f6225a9ffe94b7359aa4e862a0747dbf4a1d1982216b151cbe0aad3b1df5e309,2022-04,Gwent Police,Gwent Police,-2.815489,51.581381,On or near BARONS COURT,W01001591,Monmouthshire 011E,Investigation complete; no suspect identified
27f04c114858652d69faa8382073920d8f2dedfdce471b9b4e516094f68b6ca4,2022-04,Gwent Police,Gwent Police,-3.213727,51.550719,On or near THORNHILL ROAD,W01001852,Cardiff 004B,Investigation complete; no suspect identified
2d6efe93b5774c0aa3263228972e20cb86f2064f3462356a6cb151edacc547e9,2022-04,Gwent Police,Gwent Police,-2.979737,51.603916,On or near CROYDON COURT,W01001678,Newport 005D,Investigation complete; no suspect identified
6be17559c3c587f050adcae311faa9b7c0952d1c9607b15ea17e57ee86dede37,2022-04,Gwent Police,Gwent Police,-3.022075,51.562841,On or near KESTREL WAY,W01001689,Newport 019D,Investigation complete; no suspect identified
54e6347140d5925f06fa5ed64c1f0137b5eb920225c56755aebb15f67c8e32e9,2022-04,Gwent Police,Gwent Police,-3.232430,51.693421,On or near USK ROAD,W01001336,Caerphilly 004A,Investigation complete; no suspect identified
afa3246a2196be5cbcb080e5ce493eb02744ade11906f5f41b634db8f148e1db,2022-04,Gwent Police,Gwent Police,-2.972118,51.588640,On or near CHEPSTOW ROAD,W01001613,Newport 011C,Investigation complete; no suspect identified
5236297d781ef260151bca864afaf1120961489dd8c95e4790e47142a36d4975,2022-04,Gwent Police,Gwent Police,-3.022075,51.562841,On or near KESTREL WAY,W01001689,Newport 019D,Investigation complete; no suspect identified
164420459ffdd4740e5379dc4dda2f8fddc0cab3db2b8fd81d5083752929a7ea,2022-04,Gwent Police,Gwent Police,-3.220867,51.792718,On or near A4047,W01001438,Blaenau Gwent 004A,Investigation complete; no suspect identified
2218e4c64b45487baaf5b5c5fa01d2fe84595620eec708e8d54d161b87534cef,2022-04,Gwent Police,Gwent Police,-3.209251,51.783424,On or near Pedestrian Subway,W01001456,Blaenau Gwent 004C,Investigation complete; no suspect identified
c96f6dbdadfaeb20956e3c9bc841e85b24e122da565d500615a03334596b9f08,2022-04,Gwent Police,Gwent Police,-3.242743,51.584998,On or near BOWLS CLOSE,W01001395,Caerphilly 023C,Investigation complete; no suspect identified
0344c99298714c76943d047338e8d8cab6f5f0a5dd69e2fc713b88ea02d51657,2022-04,Gwent Police,Gwent Police,-2.996266,51.598445,On or near ARGYLE STREET,W01001681,Newport 006B,Investigation complete; no suspect identified
c7efdf42e10d7702751e40c5b6fd2669172c7cd7c3099caff2294131217cc738,2022-04,Gwent Police,Gwent Police,-3.173984,51.798096,On or near MARKET SQUARE,W01001448,Blaenau Gwent 002C,Investigation complete; no suspect identified
bcc157a3d761757adadb766586097b160e7f8ad592edd1f426bc717441654510,2022-04,Gwent Police,Gwent Police,-3.037898,51.586781,On or near Petrol Station,W01001674,Newport 009E,Investigation complete; no suspect identified
bda562be8fb758435bf988cdb4e0794d9a741296196d6030668359909f980b32,2022-04,Gwent Police,Gwent Police,-2.754762,51.595571,On or near CASTLE GARDENS,W01001908,Monmouthshire 010G,Investigation complete; no suspect identified
ed3f7102ea415dd6b3a33600e45a1aa838f2f797bd2e2c8ffdb8ab6665198b5c,2022-04,Gwent Police,Gwent Police,-3.196477,51.667663,On or near WESLEY ROAD,W01001350,Caerphilly 009C,Investigation complete; no suspect identified
834b5eb4847269c7ecfd5e5c9d44677da73e10eb9ca44c921cd423a406281965,2022-04,Gwent Police,Gwent Police,-3.040628,51.578638,On or near PARK VIEW GARDENS,W01001637,Newport 016B,Investigation complete; no suspect identified
cae8e250be032be4b4c2aa5a6084ced0aae4dd653059d6e1e6db6629bd0efc3d,2022-04,Gwent Police,Gwent Police,-2.944981,51.579564,On or near SPYTTY ROAD,W01001646,Newport 015E,Investigation complete; no suspect identified
1186f0d877a2f267ab48fbfdb8aff8974a23b5f5566e407548aaf704ce21343c,2022-04,Gwent Police,Gwent Police,-2.933608,51.597836,On or near ANSON GREEN,W01001663,Newport 008C,Investigation complete; no suspect identified
9838c001cd07b723ab38ef7e6d42d8385b515416e24a2101ce177d98e85d7c3e,2022-04,Gwent Police,Gwent Police,-3.227480,51.609382,On or near GLENVIEW TERRACE,W01001367,Caerphilly 019B,Investigation complete; no suspect identified
9f62a2c9d8d67a34294bbfb36c7309b4d947f8baf0d041fee859efecbd38825a,2022-04,Gwent Police,Gwent Police,-2.836430,51.588435,On or near Motorway Service Area,W01001573,Monmouthshire 011B,Investigation complete; no suspect identified
d5b8afee87cb2bb7bcd21effbd966c3d048e3e3804b73836784739447109a9c0,2022-04,Gwent Police,Gwent Police,-3.223597,51.663121,On or near TRE-LYN LANE,W01001389,Caerphilly 007E,Investigation complete; no suspect identified
184b38043bae261e54a49fe26c4907c1eb6674b5fee86bf148eb3a16880ad8e1,2022-04,Gwent Police,Gwent Police,-3.002807,51.587365,On or near GODFREY ROAD,W01001603,Newport 012C,Investigation complete; no suspect identified
42a9c9ff60a6d09d07880af18f79ee4a2dd7a5ccdd0b361999c4ffc3a9a6f89d,2022-04,Gwent Police,Gwent Police,-3.041656,51.703621,On or near Supermarket,W01001524,Torfaen 004D,Investigation complete; no suspect identified
1b98a9eda36b4736e521124fed80ba519bae6869d66765855438ba5ead4a2af8,2022-04,Gwent Police,Gwent Police,-2.997678,51.606912,On or near YEWBERRY LANE,W01001682,Newport 006C,Investigation complete; no suspect identified
d2a227803b6d7fd6bb66423ad55223b5f81988d898e939c4808d5c514929adf2,2022-04,Gwent Police,Gwent Police,-3.011439,51.630253,On or near LAKESIDE CLOSE,W01001505,Torfaen 013B,Investigation complete; no suspect identified
0dccda81f1bbba48ce4788f96286ed775aa7ddccc9f47629e1ebb95953de820d,2022-04,Gwent Police,Gwent Police,-3.237189,51.580839,On or near THE CRESCENT,W01001395,Caerphilly 023C,Investigation complete; no suspect identified
511e66d2e1a52db6ea65a9c05c5a1958967b029db58e11ecc382901ccc08fcf6,2022-04,Gwent Police,Gwent Police,-2.931184,51.600022,On or near THE COLDRA,W01001663,Newport 008C,Investigation complete; no suspect identified
43dd4bb80f0e56d3c6d116f99cd19435dac960a1da754b294633432722f72b36,2022-04,Gwent Police,Gwent Police,-3.046381,51.583442,On or near TREGWILYM CLOSE,W01001671,Newport 016D,Investigation complete; no suspect identified
fce8103e2ed5e6ac475d44a9b88e07d5b9f769773ee42eb44a040ec679aed907,2022-04,Gwent Police,Gwent Police,-3.019172,51.654877,On or near Parking Area,W01001506,Torfaen 010A,Investigation complete; no suspect identified
4c6cb0811acc1fe74ab9d5b1acdd48a8e1dedfbe65c6e7a074c2018457a2ca1f,2022-04,Gwent Police,Gwent Police,-2.990190,51.591276,On or near EAST USK ROAD,W01001693,Newport 013E,Investigation complete; no suspect identified
5028b0c7eb6f89672602bf4299bad9a71b22b67d28fc859d832fee655e7bbc3e,2022-04,Gwent Police,Gwent Police,-3.222606,51.777648,On or near HEOL-YR-YSGOL,W01001457,Blaenau Gwent 004D,Investigation complete; no suspect identified
5093809a3ca412d61bde51f7fe1a0e74b68775d430e33ecc1987f37c1f82309f,2022-04,Gwent Police,Gwent Police,-3.231520,51.606552,On or near CHURCH STREET,W01001367,Caerphilly 019B,Investigation complete; no suspect identified
ab94bc94f3b0079f99fd8cb2ee087f945e4849c18e06a20cee2627dc0309baf1,2022-04,Gwent Police,Gwent Police,-2.890279,51.594783,On or near ELM CLOSE,W01001650,Newport 004E,Investigation complete; no suspect identified
f03eb373aea0710df9669bc7ad639e064d5b18306f9e3574026ec55de0911f56,2022-04,Gwent Police,Gwent Police,-3.223751,51.691353,On or near DYFFRYN STREET,W01001326,Caerphilly 003B,Investigation complete; no suspect identified
cf073aa49c0feefeed8266fa9f7fb600b299691e6b5ce11df80d74dc41c399cc,2022-04,Gwent Police,Gwent Police,-3.024560,51.688674,On or near BRIDGE STREET,W01001515,Torfaen 006B,Investigation complete; no suspect identified
61b21e1f3734b900d395d10601d614652c148080a6ba6eec04839fcc5a65f63a,2022-04,Gwent Police,Gwent Police,-3.225856,51.694290,On or near SCHOOL STREET,W01001326,Caerphilly 003B,Investigation complete; no suspect identified
8516482771a7dbade2248e99af89b924f710152cb0bc3a34375e23e8588be977,2022-04,Gwent Police,Gwent Police,-2.560245,51.465367,On or near SEATON ROAD,E01014564,Bristol 055A,Investigation complete; no suspect identified
340df2a251e8ec79dcffc121b0fc5b252935888f1ed298088479e9934fe59435,2022-04,Gwent Police,Gwent Police,-3.179394,51.734751,On or near DYFFRYN PLACE,W01001451,Blaenau Gwent 007B,Investigation complete; no suspect identified
c800043af5684e4522725aa28d1aa63ec4086c21e3fde92f7aaa29dc7869f07f,2022-04,Gwent Police,Gwent Police,-2.960258,51.873018,On or near HILL STREET,W01001548,Monmouthshire 001B,Investigation complete; no suspect identified
f98fc6bedec614b7754cd73165034fb7843b13902d91860dbeb8cb1ff0d6ee2f,2022-04,Gwent Police,Gwent Police,-3.151733,51.698807,On or near CHARLES STREET,W01001358,Caerphilly 006C,Investigation complete; no suspect identified
e96b5c2fe3486f4f9d2f51657f28223f2cabe3cc3a2787ad598788995e67a0ff,2022-04,Gwent Police,Gwent Police,-2.883263,51.599260,On or near M4,W01001641,Newport 004C,Investigation complete; no suspect identified
2b2752054eec36b32cf282ab759c9e869a0c1c255eca3a654037f299c143af3a,2022-04,Gwent Police,Gwent Police,-3.096862,51.769943,On or near COITY TERRACE,W01001489,Torfaen 001C,Investigation complete; no suspect identified
3c39d99011aff8c5de219f747768dd0137cd3f8daae23e70e64f020bb08f18de,2022-04,Gwent Police,Gwent Police,-3.029542,51.662115,On or near GODFREY ROAD,W01001522,Torfaen 007D,Investigation complete; no suspect identified
809f8b952e3853e58a0471c8597b3b0658d4f2948777b55be65e4037de751503,2022-04,Gwent Police,Gwent Police,-3.197187,51.668815,On or near HOLLY PLACE,W01001347,Caerphilly 005C,Investigation complete; no suspect identified
86ba1ecfa1b44cf0ae0cfc6afaea7dfe2946e32587ab7d58354a357ef44869e2,2022-04,Gwent Police,Gwent Police,-3.143373,51.704140,On or near BRYNAWEL TERRACE,W01001465,Blaenau Gwent 009B,Investigation complete; no suspect identified
2f15dde9f086a0a3f456b8e3874c3d87f93f8175fc34f1b9a86c033def7dd8c2,2022-04,Gwent Police,Gwent Police,-2.982204,51.591136,On or near EXETER STREET,W01001692,Newport 011E,Investigation complete; no suspect identified
0c646923054062706cafc6b0ddabb0fef317b0c4c2acbcfc8171b21fbab730cb,2022-04,Gwent Police,Gwent Police,-3.038477,51.700034,On or near CLARENCE STREET,W01001524,Torfaen 004D,Investigation complete; no suspect identified
12fa021cebd378fc98a3ed5cbb2fb14dff0642a1774e70174cb72770a18c3a39,2022-04,Gwent Police,Gwent Police,-3.028935,51.613628,On or near ITCHEN CLOSE,W01001621,Newport 003E,Investigation complete; no suspect identified
4686d21d1ba1cb8db605fd2fdee54083d58e666ad8c63dcda145d0c7f81eb038,2022-04,Gwent Police,Gwent Police,-3.013540,51.571502,On or near CARDIFF ROAD,W01001629,Newport 017A,Investigation complete; no suspect identified
d817347864ec5659f8ed82f2917ed0e05c363a8afac06c9634c60026481a5b8b,2022-04,Gwent Police,Gwent Police,-2.943894,51.575877,On or near Supermarket,W01001646,Newport 015E,Investigation complete; no suspect identified
95cf37f2ff750c6febae0519c7732e9c3d8e9a7a892a564dc725c68996298e86,2022-04,Gwent Police,Gwent Police,-2.983553,51.600755,On or near SUTTON ROAD,W01001677,Newport 007C,Investigation complete; no suspect identified
a459e84c5c8d88d2174672f8e080399db5e513d317f47fd3ecaf1fc0eac0e181,2022-04,Gwent Police,Gwent Police,-2.995081,51.587854,On or near CORN STREET,W01001687,Newport 014D,Investigation complete; no suspect identified
fc7e4e5d7984da8ba2f29b970f0b07dd5387aebc4efd9f2f9bc6fd2e427b7bc6,2022-04,Gwent Police,Gwent Police,-3.004018,51.569632,On or near GREENWICH ROAD,W01001660,Newport 018B,Investigation complete; no suspect identified
77c9180ae8c1a0a9cd0c5e1d2a9452a958fc86c1ce4edef09cd45ec34cc7a50d,2022-04,Gwent Police,Gwent Police,-2.752851,51.594333,On or near BUDDEN CRESCENT,W01001908,Monmouthshire 010G,Investigation complete; no suspect identified
5310442469bb8d399dd1edfed6da68cac3840a5b231fafeef7592b27d1b45d68,2022-04,Gwent Police,Gwent Police,-3.092672,51.602865,On or near Petrol Station,W01001413,Caerphilly 017C,Investigation complete; no suspect identified
c13ff29402015e6858946c78b75e690588c972a570866c798423071642a90205,2022-04,Gwent Police,Gwent Police,-3.196327,51.649915,On or near BRYN ROAD,W01001405,Caerphilly 011E,Investigation complete; no suspect identified
f3079fe39967b5c5ae0bdb1e50ea3ca4e4587d5cf930849e5f813d0473c1a12f,2022-04,Gwent Police,Gwent Police,-2.992140,51.586683,On or near KINGSWAY,W01001687,Newport 014D,Investigation complete; no suspect identified
d9b1c35a48dc4100d80058f6784bac6988ae0d2922fb3be4e76886b3b636f9bf,2022-04,Gwent Police,Gwent Police,-2.978655,51.587884,On or near PHILLIP STREET,W01001690,Newport 013D,Investigation complete; no suspect identified
483667723dae5c06d3e4cab4861a594dd9dbf30f963250c55e19a4b983b1a500,2022-04,Gwent Police,Gwent Police,-2.988922,51.579436,On or near Parking Area,W01001661,Newport 018C,Investigation complete; no suspect identified
2cbc5ac407af8bfa6af8095e527fbcd56a142f84fd8bcefd8b61956901298c9d,2022-04,Gwent Police,Gwent Police,-3.222598,51.572773,On or near LUDLOW STREET,W01001424,Caerphilly 024C,Investigation complete; no suspect identified
47c5e29916ec973256bb2c51ecfd8b4fb822d6238fef2fd1ca0af88946deeb2a,2022-04,Gwent Police,Gwent Police,-3.128791,51.619418,On or near GLADSTONE STREET,W01001355,Caerphilly 015A,Investigation complete; no suspect identified
0fcf046e7bfd90af5fb92a50caace2fb8504740c1522ab49e427914571f32942,2022-04,Gwent Police,Gwent Police,-2.839087,51.555624,On or near SOUTH ROW,W01001649,Newport 004D,Investigation complete; no suspect identified
a4698c0cc88d0ee2cc7b0349f052cd9d42a655f250eaf241cc345cd8a95e2b2c,2022-04,Gwent Police,Gwent Police,-3.046911,51.659848,On or near MARL COURT,W01001536,Torfaen 009C,Investigation complete; no suspect identified
0d62e839775af205e4d616bbce25fc27ac4033cf66fc3a4899a8eea1d017862a,2022-04,Gwent Police,Gwent Police,-3.007415,51.616207,On or near Petrol Station,W01001651,Newport 002A,Investigation complete; no suspect identified
1d5b7033c3b2b35f4a9de51661f438fd6f50c6015552ee0d6cefaaff22f25615,2022-04,Gwent Police,Gwent Police,-3.214695,51.577298,On or near Supermarket,W01001422,Caerphilly 022F,Investigation complete; no suspect identified
854b5f71812e04b1df582e2f892112f86cf17193194335660851fa00f18e0e87,2022-04,Gwent Police,Gwent Police,-3.287567,51.656170,On or near LLANCAIACH COURT,W01001379,Caerphilly 013C,Investigation complete; no suspect identified
bc02297a2d68a75ef59dac8e254fde0c61556beee28c80af295ecaef875b4ad5,2022-04,Gwent Police,Gwent Police,-3.020588,51.823238,On or near LEWIS'S LANE,W01001557,Monmouthshire 001C,Investigation complete; no suspect identified
47aad831d1749f03c53c8cc620fe598bce1eaad873abe72112bae60fc2044087,2022-04,Gwent Police,Gwent Police,-3.214357,51.579774,On or near Supermarket,W01001373,Caerphilly 022C,Investigation complete; no suspect identified
5e31da82f30537eccd2cd3cac7bf57e3bef27d6235f6d176bfd94c7435d505ee,2022-04,Gwent Police,Gwent Police,-2.941886,51.572989,On or near QUEENSWAY MEADOWS,W01001649,Newport 004D,Investigation complete; no suspect identified
d03ceb0cf18f87a5fa01954c2a6530a673775c26b38f746bf9bed962096971ac,2022-04,Gwent Police,Gwent Police,-3.202833,51.667966,On or near FROST PLACE,W01001348,Caerphilly 009A,Investigation complete; no suspect identified
0e8058d5c2ac2c54d6cfafbb2b7c9c6a607273b12aa2b7b7dbee46f2563dc23d,2022-04,Gwent Police,Gwent Police,-1.958485,52.425637,On or near MIDDLEPARK DRIVE,E01009493,Birmingham 113D,Investigation complete; no suspect identified
107efccce7db97a7f4a097908697c4f08e2c38489445db4f22ed485a44b173d2,2022-04,Gwent Police,Gwent Police,-3.194412,51.592423,On or near PARK AVENUE,W01001344,Caerphilly 020C,Investigation complete; no suspect identified
b37f495170b047aa61d4816e64ee939fd063e94a221a7785f0f01b8d40698699,2022-04,Gwent Police,Gwent Police,-2.722704,51.587698,On or near SUDBROOK ROAD,W01001578,Monmouthshire 009C,Investigation complete; no suspect identified
4320c960b52b4323967b2f0a6dba972115d6653a446c05e98efc33e83f7852ea,2022-04,Gwent Police,Gwent Police,-3.028274,51.611845,On or near Police Station,W01001621,Newport 003E,Investigation complete; no suspect identified
f9eff02d57ccac8bdbf144f23053445b2229a9292d322501e1a587cf812244f5,2022-04,Gwent Police,Gwent Police,-3.206049,51.579940,On or near Pedestrian Subway,W01001421,Caerphilly 022E,Investigation complete; no suspect identified
f98d28b754290eaf67c3db288afe9290738d9af55f7fe353e2c4cffa30d7fd85,2022-04,Gwent Police,Gwent Police,-3.245818,51.721522,On or near SUNNYBANK,W01001386,Caerphilly 002E,Investigation complete; no suspect identified
8e001924e6961c66174a59711b49e66d2b03ffebb04aef71addbff5aabdfe2b1,2022-04,Gwent Police,Gwent Police,-3.006586,51.689019,On or near LLANDEGEFEDD WAY,W01001511,Torfaen 005B,Investigation complete; no suspect identified
b9db8af3650f52af2d69f25c1feb85c3729d5ca3402ba395afa7184e8e798dc1,2022-04,Gwent Police,Gwent Police,-3.038550,51.694369,On or near GREYS ROAD,W01001496,Torfaen 004B,Investigation complete; no suspect identified
062db2fd5813a844d1104a7bf4693f2e3407e9771f36d101e49e9c53de112889,2022-04,Gwent Police,Gwent Police,-3.230233,51.691376,On or near UPPER HIGH STREET,W01001338,Caerphilly 004C,Investigation complete; no suspect identified
91695f6cbd9ce5325f9060f6bad08da3f636268fbd7ed1bde665572a29d9c77d,2022-04,Gwent Police,Gwent Police,-2.998055,51.589177,On or near CAMBRIAN ROAD,W01001685,Newport 014B,Investigation complete; no suspect identified
d44207d062fe185fcd7c4c049ff70db2cfe9a37cfb66e6d48f1ee8eaaaca35a3,2022-04,Gwent Police,Gwent Police,-2.988027,51.594711,On or near COURTNEY STREET,W01001676,Newport 007B,Investigation complete; no suspect identified
1d7c7590a7ec7febac785d0e9005bc1e1aacb7396fdcab4777eed33b710380eb,2022-04,Gwent Police,Gwent Police,-2.992315,51.582113,On or near COMMERCIAL ROAD,W01001687,Newport 014D,Investigation complete; no suspect identified
c990a2158ce0e4bb84304fecba218fb5f11e67816cbeaab02d4725fa25e3bfac,2022-04,Gwent Police,Gwent Police,-2.983773,51.564840,On or near EAST WAY ROAD,W01001660,Newport 018B,Investigation complete; no suspect identified
57a02207b6c11bb43fdb8f682bcf34dcbd99b6653acde4e7cb4c3e1fd867c595,2022-04,Gwent Police,Gwent Police,-2.752121,51.590373,On or near Parking Area,W01001589,Monmouthshire 010E,Investigation complete; no suspect identified
881834f71f4aa042d18df1aab703e21a97f6fe3f87c6c5a33b4a69f67511eeaf,2022-04,Gwent Police,Gwent Police,-2.721891,51.807379,On or near WALDBRONN CLOSE,W01001577,Monmouthshire 004E,Investigation complete; no suspect identified
a283ff8a1874b7a57bcade2e0a1bdbc34031a144469a4f2383a942d13a911f1c,2022-04,Gwent Police,Gwent Police,-3.222074,51.575297,On or near Park/Open Space,W01001370,Caerphilly 023A,Investigation complete; no suspect identified
2021a11b47e9b372fcee49a083d3b8f5f4634d5d647402b5ead5fe0a6da5cbe2,2022-04,Gwent Police,Gwent Police,-3.174584,51.784909,On or near WOODLAND TERRACE,W01001468,Blaenau Gwent 005E,Investigation complete; no suspect identified
e50e60a0fbb78d103001a0d3072e18665749fb995fb5455d3238948bf301d9b2,2022-04,Gwent Police,Gwent Police,-2.998055,51.589177,On or near CAMBRIAN ROAD,W01001685,Newport 014B,Investigation complete; no suspect identified
58394d613f8c7eac2849d2206d5b29524f6b3a63ffa356e885aae4174aa46ff2,2022-04,Gwent Police,Gwent Police,-2.950306,51.577489,On or near FOSSE CLOSE,W01001646,Newport 015E,Investigation complete; no suspect identified
ef3e070d627111ed4c87921c499ea5da7d107d89ba4b167275c028611330d646,2022-04,Gwent Police,Gwent Police,-3.011275,51.568923,On or near MAESGLAS AVENUE,W01001633,Newport 019A,Unable to prosecute suspect
1cf74ff95e4a944d52b393ccf2746d8072b300db883bdb37ec5001c2655c855b,2022-04,Gwent Police,Gwent Police,-3.199451,51.797641,On or near NORTH STREET,W01001442,Blaenau Gwent 001C,Unable to prosecute suspect
76220cfb5f4f916f7aede265f7609f0e06209df449caae49113eadf193f3efb4,2022-04,Gwent Police,Gwent Police,-2.752121,51.590373,On or near Parking Area,W01001589,Monmouthshire 010E,Formal action is not in the public interest
3e7424421ad812ca71ea01c2dbe9e453c7ddc7121b9b49de198dd1804cf805ed,2022-04,Gwent Police,Gwent Police,-2.752307,51.590264,On or near Supermarket,W01001589,Monmouthshire 010E,Unable to prosecute suspect
cf0493654e383e73d52ce49d3eb8e39b2e2fa0cb8d94b28c8f1964272edfac75,2022-04,Gwent Police,Gwent Police,-2.995998,51.586227,On or near SCHOOL LANE,W01001687,Newport 014D,Suspect charged
49218f0d4792ac2acdf44ede5e6e070bb9c9c95f076190c44d3f6fe2583ae8cd,2022-04,Gwent Police,Gwent Police,-2.937059,51.590139,On or near DUNSTABLE ROAD,W01001668,Newport 010D,Unable to prosecute suspect
08b50b2534ec361b86b2c9351bb4caff408be52ebec71eec9cc106c723c806dc,2022-04,Gwent Police,Gwent Police,-2.980920,51.591848,On or near VINE PLACE,W01001692,Newport 011E,Suspect charged
1e7f36b0c519c07faf3448b329f9f4bc7ed319f3ba0291fc7624ed5b61596407,2022-04,Gwent Police,Gwent Police,-2.937059,51.590139,On or near DUNSTABLE ROAD,W01001668,Newport 010D,Suspect charged
aed7e8217dc5897fdf68421a7a8270f6c107416362b994a8f7c3712c7e26216b,2022-04,Gwent Police,Gwent Police,-3.012635,51.611918,On or near FARADAY CLOSE,W01001652,Newport 002B,Suspect charged
b4e918f33831d0055398436c36467c545d4b8d06125c67f59fe09fca54f23b13,2022-04,Gwent Police,Gwent Police,-2.941580,51.587495,On or near STANFORD ROAD,W01001609,Newport 015B,Suspect charged
ce142b71ce24f9c3850bc10f4c074a1a414b0ed9150300319da75433dffbcf37,2022-04,Gwent Police,Gwent Police,-3.024423,51.661467,On or near Parking Area,W01001522,Torfaen 007D,Suspect charged
77fa69f58f0daa375e5871bfd240249a6f2e098826be1ba73be5322b85daf662,2022-04,Gwent Police,Gwent Police,-3.218086,51.588619,On or near HEOL GWAUN RHOS,W01001371,Caerphilly 022A,Unable to prosecute suspect
0feeb9a2763272d59a7457a5ac669cc1e9423e5643b463974742c3ea9b6d1c28,2022-04,Gwent Police,Gwent Police,-2.982250,51.594607,On or near DUCKPOOL ROAD,W01001675,Newport 007A,Suspect charged
882c5dd008064803eaaca69b1f58f3b70965726dfa3aecc6b43d4185d394718f,2022-04,Gwent Police,Gwent Police,-3.012635,51.611918,On or near FARADAY CLOSE,W01001652,Newport 002B,Suspect charged
1e579503d1dc47146066e7456bc61262276dc7509778322e7d2f7968dc7db090,2022-04,Gwent Police,Gwent Police,-3.238652,51.689219,On or near MOORLAND ROAD,W01001336,Caerphilly 004A,Unable to prosecute suspect
a9387649ab332a1c1d16d87e570a84c58a079a07366e379793eb45733e1937c2,2022-04,Gwent Police,Gwent Police,-3.238652,51.689219,On or near MOORLAND ROAD,W01001336,Caerphilly 004A,Local resolution
ccbfc6215d326a44c8df968ce3d55c8018bb0a6303b746ed4688eee7026e94ac,2022-04,Gwent Police,Gwent Police,-2.922884,51.601562,On or near RINGLAND WAY,W01001639,Newport 004A,Suspect charged
62d8aa2a5269f992e0aa047ac921ac2eb7ec886fb203e076ffd618368b37a7a3,2022-04,Gwent Police,Gwent Police,-3.040285,51.651419,On or near GREENMEADOW WAY,W01001503,Torfaen 009B,Unable to prosecute suspect
803fa14a55d503066c2114ffd16adf0fedf43f575a06fe30814d10844954049d,2022-04,Gwent Police,Gwent Police,-3.009568,51.687797,On or near AFON CLOSE,W01001510,Torfaen 005A,Unable to prosecute suspect
5cc4c0b2932da2f0bd5006b82ac20c4b9d1f25eb628d7b3675625c0ef085be95,2022-04,Gwent Police,Gwent Police,-3.211023,51.800346,On or near BRYN COCH,W01001441,Blaenau Gwent 001B,Unable to prosecute suspect
38c306d5ebd18d76d5e51fb015c23d31f3bbdb88b016adc76e6a335658de3f44,2022-04,Gwent Police,Gwent Police,-3.026424,51.662987,On or near PARKLAWN CLOSE,W01001522,Torfaen 007D,Unable to prosecute suspect
fab9330262a535f87355a371960805019b5d931911f2ed34f424c7d4a6388b54,2022-04,Gwent Police,Gwent Police,-3.033119,51.681460,On or near TERAS Y FFYNNON,W01001518,Torfaen 006E,Unable to prosecute suspect
6a9df09f3cbcadbf072258893b2f47b70f23738bd5b7a8365c140bad7e802b78,2022-04,Gwent Police,Gwent Police,-3.138647,51.703215,On or near BRYN-HEULOG,W01001465,Blaenau Gwent 009B,Unable to prosecute suspect
7f78307ab781df3cf742778aa15df93b789a37cfac8a1355837d712090fa523a,2022-04,Gwent Police,Gwent Police,-3.145855,51.663186,On or near HILL STREET,W01001382,Caerphilly 010C,Suspect charged
60f521d5c22a86555a7ce713083b60a74e0ab5cc6fdf74fb879389159312df85,2022-04,Gwent Police,Gwent Police,-2.991815,51.584339,On or near EMLYN STREET,W01001687,Newport 014D,Suspect charged
08acf42a4f178ba8a6ca3174c524cb5960b1bc8ebfb57bec2e2009b8d92d2a11,2022-04,Gwent Police,Gwent Police,-3.236664,51.637511,On or near Sports/Recreation Area,W01001434,Caerphilly 013F,Local resolution
01c3e0fbdd115a88007d9f58641e56a586f1c32e171c510701b56da9ae3fa50b,2022-04,Gwent Police,Gwent Police,-3.112338,51.583366,On or near Sports/Recreation Area,W01001636,Newport 020A,Offender given a drugs possession warning
1b48dbf2126e80b2f0607c2aaa994394f08db9cf9675434a0c6a7e7183d5e97e,2022-04,Gwent Police,Gwent Police,-2.988408,51.584313,On or near USK WAY,W01001687,Newport 014D,Suspect charged
7f8d4004efd72ded4ee672cd4f4347cc4c86a55f00cca2e5def89100fa520fdf,2022-04,Gwent Police,Gwent Police,-2.985681,51.580353,On or near CANAL TERRACE,W01001661,Newport 018C,Suspect charged
a7bdfad2fa55e00b0ee408adb46f3a46810d396e4175456e177327566ab31578,2022-04,Gwent Police,Gwent Police,-3.126737,51.633294,On or near Parking Area,W01001329,Caerphilly 014C,Unable to prosecute suspect
2a5b51937e4552db86f6b6f29de803abde7261272b0d33879f756ae115dfe0de,2022-04,Gwent Police,Gwent Police,-2.996266,51.598445,On or near ARGYLE STREET,W01001681,Newport 006B,Suspect charged
bd7c92cf5bffb43ac995c21f4cc685b7a7c72f1ec9fa0cfca146057efe1757a7,2022-04,Gwent Police,Gwent Police,-3.154390,51.663354,On or near BRYNGWYN ROAD,W01001380,Caerphilly 010A,Suspect charged
05dda083c6b359adcee9afb85430686a8d3b30d3f8b1f31896326702440d47e2,2022-04,Gwent Police,Gwent Police,-2.715634,51.611776,On or near PARKWALL HILL,W01001578,Monmouthshire 009C,Unable to prosecute suspect
cbdd7304d3d72aaebe91bf2e9914d8446f28178ec6d114c8eb15c62089f8f6b4,2022-04,Gwent Police,Gwent Police,-3.000455,51.846429,On or near A465,W01001571,Monmouthshire 001D,Unable to prosecute suspect
1c3b3d03e2c00731f67cedb98a70f9cb901897c4246a287124d0822562e7f29c,2022-04,Gwent Police,Gwent Police,-2.926898,51.750268,On or near BLACK BEAR CLOSE,W01001566,Monmouthshire 005A,Unable to prosecute suspect
5d450748952530d8aa1854cb8ff61e35bfb7ef331da505d63ae31e78a96cb1fa,2022-04,Gwent Police,Gwent Police,-3.015482,51.559589,On or near CORMORANT WAY,W01001688,Newport 019C,Suspect charged
2302713295393a0d4d02523d45d600b5aa48cad564e2f8488513841ed8ef29d5,2022-04,Gwent Police,Gwent Police,-3.049957,51.660262,On or near TAFF COURT,W01001536,Torfaen 009C,Unable to prosecute suspect
aaac83489f9c13313159361aa87f8f9aee1b3b303d43eef52920b984626d4c74,2022-04,Gwent Police,Gwent Police,-3.244290,51.722815,On or near CHAPEL STREET,W01001384,Caerphilly 002C,Suspect charged
77d3afa19d5a79df9b008f1a054bf708afb01378e204bf72a3f8dfb9da3e0545,2022-04,Gwent Police,Gwent Police,-3.183361,51.656529,On or near CWRT PANTYCELYN,W01001401,Caerphilly 011A,Unable to prosecute suspect
927b052a8a89d7b866d857a60c3b0be0c76f95b5ff40b71cea7ded5d03102483,2022-04,Gwent Police,Gwent Police,-3.002807,51.587365,On or near GODFREY ROAD,W01001603,Newport 012C,Suspect charged
fb995073fd3bc2670413acaaf511be99f40cd14d93eec38be0c8a3a93895a0a1,2022-04,Gwent Police,Gwent Police,-3.212707,51.804716,On or near GANTRE CLOSE,W01001441,Blaenau Gwent 001B,Suspect charged
9675b44c8d8e4f46bfb85f76ee7becda3a87f2b3b5b6d31c60efbdaaf6aa4a61,2022-04,Gwent Police,Gwent Police,-3.026958,51.608592,On or near MONNOW WAY,W01001617,Newport 003A,Unable to prosecute suspect
abafa3961a7e9cd40df6b473ad8e654b4a8d52aadfb7917025d9db39f3638c79,2022-04,Gwent Police,Gwent Police,-3.049957,51.660262,On or near TAFF COURT,W01001536,Torfaen 009C,Unable to prosecute suspect
6d73ae11c5725af86d4632988fdc5b8cf86afbea38d877ffd66336163c6a5742,2022-04,Gwent Police,Gwent Police,-2.857026,51.617473,On or near Parking Area,W01001640,Newport 004B,Unable to prosecute suspect
6005395f98527d37f0014d4c64431bfc1dfe07acdf8353e8e7d05a985c92c8ed,2022-04,Gwent Police,Gwent Police,-3.214489,51.777670,On or near BRON-Y-DE,W01001459,Blaenau Gwent 007D,Unable to prosecute suspect
41f9afc3586649c756a2e35308ae037bb2fa6505f106658e955860a94bca9ab6,2022-04,Gwent Police,Gwent Police,-3.143070,51.616861,On or near BEECHWOOD AVENUE,W01001430,Caerphilly 015B,Suspect charged
283f279bcfd760fa0666fdacd97f7106dbfc904f74ac0c417cb8326013c6d3ec,2022-04,Gwent Police,Gwent Police,-3.068018,51.737228,On or near GELLI RHWY ROAD,W01001483,Torfaen 002B,Unable to prosecute suspect
ea2a8633154123cb5ae0be1d87b962ac242371dbd4e07fd0fff8b5c40d3e7162,2022-04,Gwent Police,Gwent Police,-3.129449,51.675556,On or near ELM COURT,W01001381,Caerphilly 010B,Unable to prosecute suspect
c3ede20c238431159aef8630234396b1e42f385fe53cefbbbaedbb0e94e9560e,2022-04,Gwent Police,Gwent Police,-3.013793,51.572516,On or near Pedestrian Subway,W01001630,Newport 017B,Unable to prosecute suspect
221f0f4d9ccf21ee55657a2771fba3779951724c6b879a22b2ae92a4a2f11fcf,2022-04,Gwent Police,Gwent Police,-2.996211,51.589337,On or near Nightclub,W01001685,Newport 014B,Suspect charged
b754b4b6ee854c40afd98cd4a9502bfd565898608b70112df4ac101e3825bcdd,2022-04,Gwent Police,Gwent Police,-3.175271,51.677417,On or near LLWYN ON CRESCENT,W01001391,Caerphilly 006F,Unable to prosecute suspect
6693ac72a2ee39e6e2783d01b6b814f2d32eabe2df869838cfa6b61af643718d,2022-04,Gwent Police,Gwent Police,-3.232853,51.647217,On or near BRYN GLAS,W01001365,Caerphilly 012C,Unable to prosecute suspect
fa778bbe0033ce9670aceccb20728d2402c0bfcc30ed4d002ad3fdeef81d5659,2022-04,Gwent Police,Gwent Police,-3.016028,51.821767,On or near MONK STREET,W01001579,Monmouthshire 001E,Suspect charged
6140f7ccfb6a050971eca04f2f1e1b7545d79873c49f6a14f045727fe268bae7,2022-04,Gwent Police,Gwent Police,-3.033279,51.611585,On or near HELFORD SQUARE,W01001619,Newport 003C,Investigation complete; no suspect identified
a5f81673b9157493d6bcce845d82645ed3c969b3878275a6809e675a79750465,2022-04,Gwent Police,Gwent Police,-2.987233,51.576069,On or near CONSTABLES CLOSE,W01001659,Newport 018A,Unable to prosecute suspect
29c507a70ff0e466a272002141c1f02ad339f7f27622ddeb551b8dfc225e8e6c,2022-04,Gwent Police,Gwent Police,-2.997067,51.587567,On or near Nightclub,W01001687,Newport 014D,Unable to prosecute suspect
03da530bd46bbe29b03021f8ecc69a72a81337498a2566bc6c3d376553b230d7,2022-04,Gwent Police,Gwent Police,-2.987886,51.575551,On or near Parking Area,W01001659,Newport 018A,Unable to prosecute suspect
d7d6a1000bb0e4ca9ccfc14a68ad9d42700ff7d9cdbf11328f6cd4181d634e4d,2022-04,Gwent Police,Gwent Police,-2.983208,51.586821,On or near Bus/Coach Station,W01001693,Newport 013E,Unable to prosecute suspect
90130f4e1fd402868b5a0d29db06f87951cb6481e9a26b5e5a26f573f5cd4869,2022-04,Gwent Police,Gwent Police,-2.985611,51.589804,On or near BEDFORD ROAD,W01001693,Newport 013E,Unable to prosecute suspect
2bfe2e1dd46473793fe332c498ddf638da2750624fc9b4be5c9c1c3cb9166f81,2022-04,Gwent Police,Gwent Police,-3.093044,51.608733,On or near WOOD VIEW ROAD,W01001410,Caerphilly 016D,Unable to prosecute suspect
19d7c482e5f103d1bb3ac289771c1cf22815d7eecd2c37b1bdbdd65cd22af145,2022-04,Gwent Police,Gwent Police,-3.277997,51.608357,On or near Pedestrian Subway,W01001332,Caerphilly 018C,Unable to prosecute suspect
ffe45e0bcdf1b44f88e24b519602ac10121fb1d25680bec65a3040238ab18a2c,2022-04,Gwent Police,Gwent Police,-3.186846,51.800817,On or near BRYN COCH,W01001447,Blaenau Gwent 002B,Unable to prosecute suspect
8b3aae7c5d227aafdd7d12b06966f9dfa8a75af5786e270339f126700b9a8ceb,2022-04,Gwent Police,Gwent Police,-2.725251,51.590848,On or near KING HAROLD'S VIEW,W01001578,Monmouthshire 009C,Unable to prosecute suspect
4d71b368c9b764a034086a7e79d07db8d01d177321ff148915e62b18c829277a,2022-04,Gwent Police,Gwent Police,-2.837743,51.587626,On or near Petrol Station,W01001573,Monmouthshire 011B,Unable to prosecute suspect
f59abb02a0d80efc6b2e8cfd8851f2623329d6e3a75603c1cfd0b42c3080c641,2022-04,Gwent Police,Gwent Police,-3.128455,51.653014,On or near YSTRAD TERRACE,W01001328,Caerphilly 014B,Unable to prosecute suspect
3f5b80dd88fbb02af137f0e15b72360be429473d27c6d2e06f06062f3ccd8264,2022-04,Gwent Police,Gwent Police,-3.138413,51.663340,On or near PANT ROAD,W01001383,Caerphilly 010D,Unable to prosecute suspect
8f8ff11844189b0a70028be1fb8965037bd88baee8696683deb9763920c96a1d,2022-04,Gwent Police,Gwent Police,-2.987372,51.581786,On or near LOWER DOCK STREET,W01001661,Newport 018C,Unable to prosecute suspect
54e80b07df6f75a1cdcd4da8390eb786b6f9bd1e85517f3d45dbb83a968fb8b9,2022-04,Gwent Police,Gwent Police,-3.288599,51.768356,On or near PHILLIPS WALK,W01001428,Caerphilly 001E,Unable to prosecute suspect
0e02a6b93ca422d62359953c009315b78fc45ac5cff72ae85e33245ebe338948,2022-04,Gwent Police,Gwent Police,-3.141417,51.595306,On or near FORGE ROAD,W01001342,Caerphilly 021A,Unable to prosecute suspect
275075f072dbd5d412fea8313c4a86da79d3a37e799022f9a1e5bfc8e828f8d0,2022-04,Gwent Police,Gwent Police,-3.010887,51.556652,On or near SCHOONER CLOSE,W01001688,Newport 019C,Unable to prosecute suspect
34a961cb33f462a0cced9d4569bfb1e85bb427e12ac0ca17f3c677bdb921576f,2022-04,Gwent Police,Gwent Police,-3.204171,51.579321,On or near HALDANE COURT,W01001421,Caerphilly 022E,Unable to prosecute suspect
345a5ca53c07365cac9e3ee2b54a9cc0963e23f710b655bad1674e950fc300f2,2022-04,Gwent Police,Gwent Police,-3.127444,51.675773,On or near GLANSHON COURT,W01001381,Caerphilly 010B,Unable to prosecute suspect
dfda98824222b79461dc7be58cfa6412d8ef41616923dd95edb4d8f4c5b66a0b,2022-04,Gwent Police,Gwent Police,-3.290524,51.648279,On or near HEOL TASKER,W01001379,Caerphilly 013C,Unable to prosecute suspect
9ae8037f8c3ab51ef3cc9558eacc59a2891b416d1764cb07673c629f4747add8,2022-04,Gwent Police,Gwent Police,-3.017271,51.568026,On or near ST BRIDES CRESCENT,W01001634,Newport 019B,Offender given a caution
9e3fdeb5c8f15c5d75438197322c470c105a97840409ba0e3f125afdc6937a81,2022-04,Gwent Police,Gwent Police,-2.995996,51.586794,On or near Shopping Area,W01001687,Newport 014D,Unable to prosecute suspect
14effb98b972cc5a53a47a259b910c08d5d0f470705b797ede18b0572408c89d,2022-04,Gwent Police,Gwent Police,-3.207132,51.534206,On or near LEE COURT,W01001853,Cardiff 004C,Unable to prosecute suspect
e34616020b9a682c5d65c27cd3b6d1e515a20417979ffff4cd5a899147b93584,2022-04,Gwent Police,Gwent Police,-3.282783,51.746723,On or near MOUNT STREET,W01001406,Caerphilly 001D,Unable to prosecute suspect
ad25b4af3640d9c548d84995a2014e61ce33d8b8cfa153efc6eea6d5b86917de,2022-04,Gwent Police,Gwent Police,-2.970045,51.582111,On or near JENKINS STREET,W01001644,Newport 013C,Unable to prosecute suspect
a27f83a90e842941c91ff6e354b165070f0209d465900a17b1f281567157b40d,2022-04,Gwent Police,Gwent Police,,,No location,,,Unable to prosecute suspect
64b6abd58ad49d03f6a5116661bb8b2362c38b5fd4b8cbbfb0176ae0cc366cc7,2022-04,Gwent Police,Gwent Police,-3.019037,51.571508,On or near MARAYAT WALK,W01001632,Newport 017D,Unable to prosecute suspect
aa0eff019cca058bdc5e22e0eb86b834303743f50e495f7cd8a8acb4e39d2eed,2022-04,Gwent Police,Gwent Police,-3.274299,51.752570,On or near NURSERY CRESCENT,W01001376,Caerphilly 001C,Unable to prosecute suspect
a6237c4b66a50cd76d8cf9020ca57b304b94a117e29a2634a7d6cf87ee4d1498,2022-04,Gwent Police,Gwent Police,-2.951479,51.588728,On or near ABERTHAW CLOSE,W01001610,Newport 015C,Unable to prosecute suspect
1be7ba2bef56e2589dc50a4a6b4cb9b5e768dfc163f08836b858c9409d220281,2022-04,Gwent Police,Gwent Police,-3.292734,51.763456,On or near Parking Area,W01001429,Caerphilly 001F,Suspect charged
8a7e6c40b841173805b9a3c7aa4d845b4848676f6bff6e256b3a5bafce26cef1,2022-04,Gwent Police,Gwent Police,-3.258570,51.663534,On or near CLAERWEN,W01001414,Caerphilly 008A,Unable to prosecute suspect
e63edae59e98ad79bf6ec342e6c1897053944bdc2d34922d036c4a49bfb520ae,2022-04,Gwent Police,Gwent Police,-2.718840,51.809799,On or near Supermarket,W01001554,Monmouthshire 004C,Unable to prosecute suspect
a46d105a1d3926d1a58d6ed32626db9e36e6723e3faac62f6c83324819fa8c38,2022-04,Gwent Police,Gwent Police,-3.061517,51.818812,On or near NORTH VIEW,W01001569,Monmouthshire 003E,Unable to prosecute suspect
509aed6467b8f7d958a4cf7e4a3d7b2bcd53747253508a14409d5485562218fc,2022-04,Gwent Police,Gwent Police,-3.238174,51.680727,On or near Pedestrian Subway,W01001339,Caerphilly 004D,Unable to prosecute suspect
7b5134d4671d3c823304a43794377e6ba14c3a6b51e30b57e9569911e01f25b1,2022-04,Gwent Police,Gwent Police,-3.041617,51.705078,On or near Parking Area,W01001524,Torfaen 004D,Suspect charged
349cb4ba3434598d7be42f54311f2543fee8acbca4c1656b268b2d4c755e50b8,2022-04,Gwent Police,Gwent Police,-3.005635,51.838508,On or near POPLARS COURT,W01001571,Monmouthshire 001D,Unable to prosecute suspect
35c4ac3e7bb9bca2278515be64f66d6a4f6a7681d702f4fcfa5d7527a31b7e27,2022-04,Gwent Police,Gwent Police,-3.269523,51.596562,On or near KING STREET,W01001331,Caerphilly 018B,Unable to prosecute suspect
1781c7a92279e0381b1870f3755c9e62022198f2914e844800c044e7e6309e0d,2022-04,Gwent Police,Gwent Police,-3.146327,51.739700,On or near LAWRENCE AVENUE,W01001453,Blaenau Gwent 008D,Unable to prosecute suspect
3b38b32361016f3e903dd2591acb371a1fcb1c031c1fbb0b8abc527ffdad7d76,2022-04,Gwent Police,Gwent Police,-2.945278,51.576495,On or near CENTRAL AVENUE,W01001646,Newport 015E,Unable to prosecute suspect
860954aebb98049174f3d3e5557f634f4bd94d2f1b6ae8db61ed45a0e66e75ba,2022-04,Gwent Police,Gwent Police,-3.061517,51.818812,On or near NORTH VIEW,W01001569,Monmouthshire 003E,Unable to prosecute suspect
82c8a48ec87dab43df6fa18f0254e739e2a567b37e375946f56bdc6f5dc2b6d9,2022-04,Gwent Police,Gwent Police,-3.192238,51.662068,On or near Petrol Station,W01001350,Caerphilly 009C,Suspect charged
4c06bf07f64408595b15f751b5c4fc6b883bc5f2eaeb2679be2558416f3d91ae,2022-04,Gwent Police,Gwent Police,-3.239561,51.782785,On or near SIRHOWY COURT,W01001473,Blaenau Gwent 003B,Offender given a caution
181b3b9b56271eb66484c003a0bd32aee6363c13016b07c49d713f6bd8d77ea0,2022-04,Gwent Police,Gwent Police,-3.239839,51.589650,On or near PEN-Y-GROES,W01001400,Caerphilly 019F,Suspect charged
69a56a5c8d7c0502dee3237e8f3adc66f37f81ac1fd5d1d59cf9e2db334ffe84,2022-04,Gwent Police,Gwent Police,,,No location,,,Suspect charged
2f445ebce93faeccb139c00599b19b7b1b9444d554d1170f3039e7c612d86e4d,2022-04,Gwent Police,Gwent Police,-3.024135,51.551799,On or near NARBETH CLOSE,W01001913,Newport 020F,Unable to prosecute suspect
2bc63f056b9b1756a439d769f4dec49d5a6bac24863616df5136b789721d258d,2022-04,Gwent Police,Gwent Police,-3.019991,51.682995,On or near CHURCHWOOD,W01001517,Torfaen 006D,Suspect charged
1a914183a7728f896d8bc4d750f32ffb7fd7394a606f96b1d2b76f8050e3e8b2,2022-04,Gwent Police,Gwent Police,-3.013824,51.556384,On or near SCHOONER CIRCLE,W01001688,Newport 019C,Unable to prosecute suspect
121c6fa086a13d64ffbf01b6d96df9345e25440a697bdb6cba2b6a463df17d74,2022-04,Gwent Police,Gwent Police,-3.221492,51.783109,On or near GWAUN HELYG ROAD,W01001457,Blaenau Gwent 004D,Unable to prosecute suspect
3037ce951cd777945e351c1ee027c9dacd3c54a6fdd413bf84adcb3fd526cad1,2022-04,Gwent Police,Gwent Police,-3.112338,51.583366,On or near Sports/Recreation Area,W01001636,Newport 020A,Unable to prosecute suspect
97d7c7494e3ad607e3f72e458c1106657447a8938bd2a39c0515d6b3bf767217,2022-04,Gwent Police,Gwent Police,-3.135988,51.699914,On or near RAILWAY STREET,W01001466,Blaenau Gwent 009C,Unable to prosecute suspect
9171c3e483d01bc079bb2995e7d8357ef1716597b25931326e502659f494c53f,2022-04,Gwent Police,Gwent Police,-3.027246,51.606612,On or near BETTWS HILL,W01001620,Newport 003D,Suspect charged
687ee1e4ee6fd70ea34d7a5da8cdef25b2e68b1b8beea4b125967e6e905f5662,2022-04,Gwent Police,Gwent Police,-3.020069,51.825922,On or near PENYFAL ROAD,W01001580,Monmouthshire 002E,Suspect charged
6ab0e1ede8488618c325277fc562e43c980938dbef3f51edb70f342d52fc248e,2022-04,Gwent Police,Gwent Police,-2.756346,51.594437,On or near WILLOW CLOSE,W01001551,Monmouthshire 010C,Unable to prosecute suspect
83030a81e46a232c7cdf517252a1f0aa35133e7e93137990a823dcc5a1765693,2022-04,Gwent Police,Gwent Police,-3.282416,51.610422,On or near GROVE TERRACE,W01001332,Caerphilly 018C,Unable to prosecute suspect
79976e9080f33e13960203b0562cbf804f4a2434b13e53422171ba0af8c9179b,2022-04,Gwent Police,Gwent Police,-3.245303,51.770711,On or near Parking Area,W01001481,Blaenau Gwent 006E,Unable to prosecute suspect
dce3f62f73d130f53c2f69e951ffffe34bdb239206f5d46b452a41007c2426dd,2022-04,Gwent Police,Gwent Police,-3.240780,51.572780,On or near DRUIDS CLOSE,W01001398,Caerphilly 024A,Unable to prosecute suspect
79b0b51b87dd5fdaa2a66436219d598cb5d253689ffb2cac3a67ac20b8fd0109,2022-04,Gwent Police,Gwent Police,-3.246665,51.775957,On or near Supermarket,W01001481,Blaenau Gwent 006E,Suspect charged
53f898038a526634144d8d3503008731fb28c33cf1dd22d16384c9c47b90a780,2022-04,Gwent Police,Gwent Police,-3.204197,51.655616,On or near MYNYDDISLWYN CLOSE,W01001402,Caerphilly 011B,Offender given a caution
6966d592afb139c2f73cb7db3728348e5988ee19d972b44f1031e8de6d7785bd,2022-04,Gwent Police,Gwent Police,-2.670589,51.643988,On or near LOWER CHURCH STREET,W01001587,Monmouthshire 008C,Unable to prosecute suspect
0a9f074dcdec071939089aaa8bff41bc60e7cbf24a9a9e4bf4eb4176dd58ba34,2022-04,Gwent Police,Gwent Police,-2.944394,51.594405,On or near BLOOMFIELD CLOSE,W01001665,Newport 008D,Unable to prosecute suspect
d451b855764debb16adc83688191ce3821418e0be0b8bd689517f049a939f86c,2022-04,Gwent Police,Gwent Police,-3.001125,51.648711,On or near TWM BARLWM VIEW,W01001507,Torfaen 008D,Suspect charged
3c8511936a13518cee58f43421cafb29eac980deda631373ab13653dc5f45180,2022-04,Gwent Police,Gwent Police,-3.183534,51.654855,On or near LLANARTH ROAD,W01001403,Caerphilly 011C,Unable to prosecute suspect
6b31a2d3a441ffaa121e3bb699493c09e47f25f93630c50fbc5d3a2334f21c1a,2022-04,Gwent Police,Gwent Police,-3.206438,51.704588,On or near BRYN ROAD,W01001334,Caerphilly 005A,Suspect charged
2134507c771280afdcc5bec6d33289dc1bed5adedb67daeaebc4df77bb0a6ccf,2022-04,Gwent Police,Gwent Police,-2.992315,51.582113,On or near COMMERCIAL ROAD,W01001687,Newport 014D,Suspect charged
191453748be929d088893ce1f47396fe019b9207431bc9729b01eee807b6fdbc,2022-04,Gwent Police,Gwent Police,-2.700763,51.810501,On or near ORCHARD END,W01001599,Monmouthshire 004F,Unable to prosecute suspect
c2afd23623e5e8a6beaed2781fe4428e617cce35d4c331f9138e4da35f85c86d,2022-04,Gwent Police,Gwent Police,-2.943894,51.575877,On or near Supermarket,W01001646,Newport 015E,Suspect charged
aa9329803fd00a737f98fbd63868ee4adcdf2b1106d68f7930b918997d1a4647,2022-04,Gwent Police,Gwent Police,-2.964252,51.585243,On or near CONWAY CROFT,W01001611,Newport 011A,Unable to prosecute suspect
e9870686580ba82c731587224b4fa81c1f16230f59e848f2f08e4ac14131d178,2022-04,Gwent Police,Gwent Police,-2.944394,51.594405,On or near BLOOMFIELD CLOSE,W01001665,Newport 008D,Unable to prosecute suspect
5e9b14f4af7ed2b2988bd5a07d8cafef3c906d36b43319ccc978517dd16fac52,2022-04,Gwent Police,Gwent Police,-2.778105,51.584476,On or near Parking Area,W01001582,Monmouthshire 011D,Suspect charged
4107c0e02ec2de9f6c76200387e8f1d7766b333fdb7b356215d3bdf5ecfe8caa,2022-04,Gwent Police,Gwent Police,-2.992315,51.582113,On or near COMMERCIAL ROAD,W01001687,Newport 014D,Unable to prosecute suspect
7f7b01e0cbdad25ba85843f2dd340e759a4aba23cb441662b93389960cfcfe7d,2022-04,Gwent Police,Gwent Police,-3.192737,51.653008,On or near BRYNGLAS AVENUE,W01001403,Caerphilly 011C,Suspect charged
d4ffc4de11dc80851891fb3872cd354d7c2e8ca3cede3688b80dbe8109682bd1,2022-04,Gwent Police,Gwent Police,-3.209251,51.783424,On or near Pedestrian Subway,W01001456,Blaenau Gwent 004C,Unable to prosecute suspect
d554d03ddb5df4217f459c2914f812c1bee33b86a7a4680b1aa1ae3eed304620,2022-04,Gwent Police,Gwent Police,-3.017765,51.821590,On or near CROSS STREET,W01001579,Monmouthshire 001E,Suspect charged
8d13d6397c504df09c2589c5785ef6b22e0bb19e055d0c1a934ac64d64616221,2022-04,Gwent Police,Gwent Police,-2.998055,51.589177,On or near CAMBRIAN ROAD,W01001685,Newport 014B,Suspect charged
a935ea7bb78ea6e2a5f6970adaa8b2332990d8ec2e15678ad2384c2677470105,2022-04,Gwent Police,Gwent Police,-2.993129,51.582403,On or near KING STREET,W01001687,Newport 014D,Unable to prosecute suspect
f67eac5805409d9e569671144f0f378354a7ecd8948ad5ed8a045c356a082e5d,2022-04,Gwent Police,Gwent Police,-3.185291,51.742074,On or near OAK STREET,W01001451,Blaenau Gwent 007B,Unable to prosecute suspect
0c516628bf9a33069abd8a648d670511bcd8e70460c205af0e095420d135f40e,2022-04,Gwent Police,Gwent Police,,,No location,,,Unable to prosecute suspect
736ff90854b5efc3a442ac34717ca3afb84843c6337c1809d8e5201872b3dcb7,2022-04,Gwent Police,Gwent Police,-3.229332,51.689101,On or near Police Station,W01001338,Caerphilly 004C,Unable to prosecute suspect
ba4a12b4b7a4f55bbb32b8fc4f3aca596518037d1e471432c7fb24a80296af34,2022-04,Gwent Police,Gwent Police,-3.009657,51.583179,On or near RISCA ROAD,W01001629,Newport 017A,Unable to prosecute suspect
ef6de4312b7b8b8c83bd471f29cc5848ed1bef31fee32112de7655ef94ceb488,2022-04,Gwent Police,Gwent Police,-3.239332,51.580043,On or near A468,W01001395,Caerphilly 023C,Unable to prosecute suspect
df5a1be1b37f6385ce719436b8cefd27efebed50e821b58d8a3df7890e670bc5,2022-04,Gwent Police,Gwent Police,-2.739572,51.587386,On or near PILL ROW,W01001588,Monmouthshire 010D,Unable to prosecute suspect
73442f0579522911984a5ae810748e12ed908bf5e8ceefe5a8fe22ec4037f9cc,2022-04,Gwent Police,Gwent Police,-2.999824,51.597452,On or near Petrol Station,W01001681,Newport 006B,Unable to prosecute suspect
126fccff0f79d400d26f15e0fbe752b22162ec8e49b6f47800b4de10aa6eb3ce,2022-04,Gwent Police,Gwent Police,-3.041617,51.705078,On or near Parking Area,W01001524,Torfaen 004D,Suspect charged
483af53cfd975d6ef8c52d21c6ecef8462c5704face87bec9334d54a6b48f6c2,2022-04,Gwent Police,Gwent Police,-3.204358,51.591863,On or near COED-Y-PANDY,W01001344,Caerphilly 020C,Unable to prosecute suspect
5ac5bde990d16779e0754180e1cafe563ffac3067608dcc4e597012c121bdb43,2022-04,Gwent Police,Gwent Police,-2.945278,51.576495,On or near CENTRAL AVENUE,W01001646,Newport 015E,Unable to prosecute suspect
ee49815e4a0b9391dc592093c4c2c939423cecbb6b9eb8ecadb10026d8dea74d,2022-04,Gwent Police,Gwent Police,-2.945278,51.576495,On or near CENTRAL AVENUE,W01001646,Newport 015E,Unable to prosecute suspect
93ebc301d5a29dc70b9991645a2667ee16d111916043436af7df2c406bec33a5,2022-04,Gwent Police,Gwent Police,-3.205242,51.771705,On or near PLANTION ROW,W01001459,Blaenau Gwent 007D,Unable to prosecute suspect
85711cefc1eb674746359a18c964c1d6f1cd53fda3ca000c8b8d3ceea3f15930,2022-04,Gwent Police,Gwent Police,-3.231408,51.602435,On or near DE WINTON TERRACE,W01001367,Caerphilly 019B,Unable to prosecute suspect
5418394886e556b9e966f31c1799192c505eec2bf3a536a696ea8731dae69197,2022-04,Gwent Police,Gwent Police,-2.945278,51.576495,On or near CENTRAL AVENUE,W01001646,Newport 015E,Suspect charged
c8567d82eb02cd09e6101a5b389d29a70d76c20934c538e085d775f33177dbc1,2022-04,Gwent Police,Gwent Police,-2.971333,51.603257,On or near BEAUFORT PLACE,W01001615,Newport 005B,Suspect charged
cc91e635c51cb83bb15db20c02f2074be2eb2facbf4da9fade9a3b69c19138e2,2022-04,Gwent Police,Gwent Police,-2.994307,51.570902,On or near Sports/Recreation Area,W01001660,Newport 018B,Suspect charged
7b68115eb2ff48c524e7f728be5bbaf6090742df75e0642e699eeee4a07260e4,2022-04,Gwent Police,Gwent Police,-3.231617,51.605337,On or near GROVE STREET,W01001368,Caerphilly 019C,Unable to prosecute suspect
08a13035ec20376eb294ac70ac714043a15f61e4d06f1553a8735047bacdf587,2022-04,Gwent Police,Gwent Police,-2.930002,51.598017,On or near HOOD ROAD,W01001664,Newport 010A,Unable to prosecute suspect
ad1e630d644edfececb354dc89257f8dc7eb37643224174841a94fee4e269e43,2022-04,Gwent Police,Gwent Police,-2.991220,51.575604,On or near JEDDO STREET,W01001659,Newport 018A,Suspect charged
64c67bd8fc1ca60fee009d56d923772fb3e6e2e00c5d79ccb2b2598a4d825ade,2022-04,Gwent Police,Gwent Police,-2.989984,51.581773,On or near RUPERRA STREET,W01001661,Newport 018C,Suspect charged
802a18af796f97878ddb78655648e58ba0046a988048a9f523326fd8b04be6b2,2022-04,Gwent Police,Gwent Police,-3.230914,51.762312,On or near THE RHYD,W01001462,Blaenau Gwent 006A,Unable to prosecute suspect
dfe03c544a22fbcd213eb190dc5838bbc8c1f3f84a9c9001228521bded97d0d6,2022-04,Gwent Police,Gwent Police,-2.699558,51.804799,On or near NEWLAND WAY,W01001599,Monmouthshire 004F,Suspect charged
6cdff321ba177746ced5ee99317d1906ca304894c7d379abd8a8c05eb5989b0d,2022-04,Gwent Police,Gwent Police,-3.272637,51.603623,On or near CAERPHILLY ROAD,W01001333,Caerphilly 018D,Unable to prosecute suspect
d5f10e7aee13236fa2ae1c1ec5d54280722ba7944b910570623b5f0625578533,2022-04,Gwent Police,Gwent Police,-2.945278,51.576495,On or near CENTRAL AVENUE,W01001646,Newport 015E,Suspect charged
2bea16a37fb1d0e7cdf6203340ba6c941f058c97d0905d2c18aaafbdc5b18a37,2022-04,Gwent Police,Gwent Police,-3.195595,51.663293,On or near HIGHBURY DRIVE,W01001350,Caerphilly 009C,Unable to prosecute suspect
fdf8dba908b11f1d4a9e3a073c40425645916ae5376d572521ebf1d28379e03e,2022-04,Gwent Police,Gwent Police,-2.717589,51.805949,On or near Petrol Station,W01001577,Monmouthshire 004E,Unable to prosecute suspect
02991316842c181c5f14692478e4181ea97d1e3ab5848223720f2ead5835147f,2022-04,Gwent Police,Gwent Police,-3.236664,51.637511,On or near Sports/Recreation Area,W01001434,Caerphilly 013F,Suspect charged
c1a5bacc8ea7b1528ed790619239ae6be2463652bf7feb02fb4da41a6f38e515,2022-04,Gwent Police,Gwent Police,-3.001125,51.648711,On or near TWM BARLWM VIEW,W01001507,Torfaen 008D,Suspect charged
89b70eabb05b4fd81b334ce86ec3adad246ae9da42615d4fb19b70308a26a514,2022-04,Gwent Police,Gwent Police,-2.697842,51.805457,On or near WOODLAND VIEW,W01001599,Monmouthshire 004F,Suspect charged
b7140fb56bc985a050a545e3f027de1aff1019fc09d8eded3dd82fb1ec61759b,2022-04,Gwent Police,Gwent Police,-3.180881,51.795096,On or near LAKESIDE CLOSE,W01001467,Blaenau Gwent 005D,Suspect charged
1487a40e54c424fd0ed8b386fa75b2a1f7017ab441e5b68346e9d890f4ead558,2022-04,Gwent Police,Gwent Police,-2.955822,51.593449,On or near CHRISTCHURCH ROAD,W01001606,Newport 008A,Suspect charged
19ab7c0fc43739f17b70e60833dd2f2ee31d4ff94d3fef6081877f4e6d8a189f,2022-04,Gwent Police,Gwent Police,-2.992917,51.579950,On or near HERBERT WALK,W01001662,Newport 018D,Unable to prosecute suspect
7176161c4a8fa16fd2a8cb943982c678b05b546f4391bba63510d388a553a8d0,2022-04,Gwent Police,Gwent Police,-2.668482,51.628499,On or near RAGLAN WAY,W01001592,Monmouthshire 008D,Unable to prosecute suspect
cec3479b24513ed13bf7eeca1d8d11da77036e15b7d0de65e15b95d711d7a69a,2022-04,Gwent Police,Gwent Police,-3.089784,51.608889,On or near THISTLE WAY,W01001410,Caerphilly 016D,Unable to prosecute suspect
84a685ddecdcf15e8a27df6e0eee4c713e0d8f2754a7fcb76226ad0ea49e1ded,2022-04,Gwent Police,Gwent Police,-2.993072,51.581765,On or near CARDIFF ROAD,W01001687,Newport 014D,Suspect charged
ac2b20639e15c1ac1883e8f0b8a7806806a560061a502452050a0f5c5197e3cf,2022-04,Gwent Police,Gwent Police,-3.041320,51.701628,On or near Police Station,W01001524,Torfaen 004D,Suspect charged
6217eec0ae057be3b473d5afc355afae39c75acf96d6dae31663511605e1ed30,2022-04,Gwent Police,Gwent Police,-3.041413,51.702490,On or near Shopping Area,W01001524,Torfaen 004D,Suspect charged
e9b427c73cc9fa48b56fd09c3be101591d00ae49de1529931630591c3df12edb,2022-04,Gwent Police,Gwent Police,-2.993072,51.581765,On or near CARDIFF ROAD,W01001687,Newport 014D,Suspect charged
ede478885edcb2264b47241de1ce6b96b2d9ed5852b76b216bccc9df2addaa00,2022-04,Gwent Police,Gwent Police,-3.041320,51.701628,On or near Police Station,W01001524,Torfaen 004D,Suspect charged
8c8bd0512a47687c549a65eb8445275923ca63d078ba7d98555fdb628c3e8359,2022-04,Gwent Police,Gwent Police,-3.226905,51.779555,On or near SHAW CLOSE,W01001457,Blaenau Gwent 004D,Unable to prosecute suspect
9a62756d8c2baa085e08a1dd99c9dcd2e3ae00403717f6cb63765e5747ed8b3c,2022-04,Gwent Police,Gwent Police,-3.041413,51.702490,On or near Shopping Area,W01001524,Torfaen 004D,Suspect charged
7ffd574eb0693b2221112fdf0bec7168992badeb00a7da5791f978ad4cd6eae7,2022-04,Gwent Police,Gwent Police,-3.023782,51.654837,On or near Supermarket,W01001506,Torfaen 010A,Suspect charged
ecc5c30dc1dd4cc39c9799ac3cbb43dea794d1957e540791e6d086483911492c,2022-04,Gwent Police,Gwent Police,-2.980920,51.591848,On or near VINE PLACE,W01001692,Newport 011E,Suspect charged
10ae00315c6f057e7db40f2a4784b0146430bf151dfaeef7bbb18f1fc3d080ff,2022-04,Gwent Police,Gwent Police,-3.050937,51.642620,On or near Pedestrian Subway,W01001497,Torfaen 011A,Unable to prosecute suspect
eca9f925a0921820b0d715c023496a8943054004f8d6315a904b29d701c9e0a2,2022-04,Gwent Police,Gwent Police,-2.993072,51.581765,On or near CARDIFF ROAD,W01001687,Newport 014D,Suspect charged
040426972795231b136214455237e3db3094168bf20c86c499801f21643c7d0c,2022-04,Gwent Police,Gwent Police,-3.251434,51.767068,On or near CRIPPS AVENUE,W01001479,Blaenau Gwent 006D,Unable to prosecute suspect
e97582749bd5f4496342b0a202047ce57d666b93e0dcf0039ef9aeba95aaff2c,2022-04,Gwent Police,Gwent Police,-3.245303,51.770711,On or near Parking Area,W01001481,Blaenau Gwent 006E,Unable to prosecute suspect
e249ac2c55992d7442a228fbd2e59dbfb27a8b2d3f17792c20028797e85a66b7,2022-04,Gwent Police,Gwent Police,-3.214695,51.577298,On or near Supermarket,W01001422,Caerphilly 022F,Local resolution
8fdab16feeca736d64049b67402f96f5c76d5dcaf233f06d824bdb5578296525,2022-04,Gwent Police,Gwent Police,-3.082295,51.606099,On or near FORSYTHIA CLOSE,W01001408,Caerphilly 016B,Unable to prosecute suspect
7f1d975703fd24520b73c600730db6691a7b44cfa589684e5750fc6a6b009c05,2022-04,Gwent Police,Gwent Police,-3.029544,51.606718,On or near CROUCH CLOSE,W01001620,Newport 003D,Suspect charged
06cd373a57a25bf2b0a96cd5caaa3b46cf213005e2fb6a9b13659bf10b7d71f3,2022-04,Gwent Police,Gwent Police,-3.230233,51.691376,On or near UPPER HIGH STREET,W01001338,Caerphilly 004C,Unable to prosecute suspect
f28689db80a79d5d3d89fa8fec6488d9c8373405842e0c8963edca2394f8dc24,2022-04,Gwent Police,Gwent Police,-2.982204,51.591136,On or near EXETER STREET,W01001692,Newport 011E,Unable to prosecute suspect
d5f4907b15ebff63a8a77eb76922f28fd0e496ab70bac94ff1c35a0d836c8714,2022-04,Gwent Police,Gwent Police,-3.078144,51.545452,On or near Petrol Station,W01001657,Newport 020C,Suspect charged
ede241f317124082aa25e08abaf84ff676e4b3b5d23914275ac761f15aa48c2a,2022-04,Gwent Police,Gwent Police,-2.947083,51.582101,On or near MOORLAND PARK,W01001645,Newport 015D,Unable to prosecute suspect
148fafc29d6778c970ca4fac2dc09419898b432369da7ef47a4088cc4ab7dd6c,2022-04,Gwent Police,Gwent Police,-3.236664,51.637511,On or near Sports/Recreation Area,W01001434,Caerphilly 013F,Suspect charged
7ada4683e030814d820c924a5150f6bb241cd8e707eb8c688ccc6401052b7657,2022-04,Gwent Police,Gwent Police,-2.749876,51.591628,On or near Police Station,W01001589,Monmouthshire 010E,Unable to prosecute suspect
7f20375ecd83b77408c30c1ef2bf15f6c57af790c1a91da947717ac6427f9542,2022-04,Gwent Police,Gwent Police,-2.961498,51.587459,On or near LINDEN ROAD,W01001607,Newport 015A,Unable to prosecute suspect
c2b79524671bb3d0feb0da73dba744fc5fbe74d327105a0fe6865d1d32e10574,2022-04,Gwent Police,Gwent Police,-2.957170,51.575868,On or near DORSET CLOSE,W01001647,Newport 015F,Unable to prosecute suspect
51b02ccd32c08da1cd09b0979e6d789ffa6264a897b5166ac0cfe4b067acc144,2022-04,Gwent Police,Gwent Police,-3.320877,51.650755,On or near JENKIN STREET,W01001146,Rhondda Cynon Taf 012D,Unable to prosecute suspect
23fb4023f610ebfbe35f085fa4765f8621b866f7d65d5c7b1b82698cc138b17c,2022-04,Gwent Police,Gwent Police,-3.935906,51.647736,On or near CALLAND STREET,W01000788,Swansea 016D,Unable to prosecute suspect
b7dd369f750e9fe747f40365b1eed51660116028bdb11ba8ace3020d81e78828,2022-04,Gwent Police,Gwent Police,-3.217418,51.686663,On or near MARSH COURT,W01001326,Caerphilly 003B,Unable to prosecute suspect
fd3f797ad9c14822368951fe4b60ee3b9d58369e788e2422d77614c13818e960,2022-04,Gwent Police,Gwent Police,-3.237297,51.771560,On or near PRETORIA TERRACE,W01001463,Blaenau Gwent 006B,Unable to prosecute suspect
5f666a8cd75b75eb15a124fe4f10b001a74fe0e5724698662fa88c3c6f1498d5,2022-04,Gwent Police,Gwent Police,-2.945278,51.576495,On or near CENTRAL AVENUE,W01001646,Newport 015E,Unable to prosecute suspect
b1d427128ca5c4891dcf1607e5967a075b9807c6e494c05cb7acee7b36d9ace8,2022-04,Gwent Police,Gwent Police,-2.945278,51.576495,On or near CENTRAL AVENUE,W01001646,Newport 015E,Unable to prosecute suspect
22b7b33b1f7a6aa9bf8a50b3a721bfb68ad7d534df2220356807c27dc91d480c,2022-04,Gwent Police,Gwent Police,-3.092889,51.611881,On or near FAIRVIEW AVENUE,W01001409,Caerphilly 016C,Unable to prosecute suspect
8f6ee105c7a8674d70ce9b60649ed8d023c89c9729969f48a24b1536edf6ed61,2022-04,Gwent Police,Gwent Police,-3.071457,51.534580,On or near THE SHIRES,W01001657,Newport 020C,Unable to prosecute suspect
22c24e1f8ebb4dc87b35d1075f1a0e284f8136957ad504fe731b863d0cf2b2ec,2022-04,Gwent Police,Gwent Police,-3.066113,51.742406,On or near GWYN CRESCENT,W01001482,Torfaen 002A,Unable to prosecute suspect
c49613fa7428b9cc56680d97263a448c3a050c045618fec10de053c003705eb7,2022-04,Gwent Police,Gwent Police,-2.966115,51.600936,On or near MONMOUTH DRIVE,W01001614,Newport 005A,Unable to prosecute suspect
110bb3b80579ee04d9a1b695e84d7aa8a53cdaf9629b7d1f802da741f4406faf,2022-04,Gwent Police,Gwent Police,-3.236664,51.637511,On or near Sports/Recreation Area,W01001434,Caerphilly 013F,Suspect charged
38d122e168e765b89a6637465963eb199378de275441c1f9edff9159a2b3a1fd,2022-04,Gwent Police,Gwent Police,-2.811417,51.580483,On or near ST TEILO COURT,W01001591,Monmouthshire 011E,Unable to prosecute suspect
2aa2d8af252051f7ae1d4f858703a791b549db634bb4ad4fb8cb3f5678295b61,2022-04,Gwent Police,Gwent Police,-3.192296,51.799638,On or near TWYNCYNGHORDY ROAD,W01001440,Blaenau Gwent 001A,Unable to prosecute suspect
efb778df495aecbd864263a4f0cffa8485933a15820b819714eeb09401e0c130,2022-04,Gwent Police,Gwent Police,-3.220506,51.692259,On or near ELM STREET,W01001326,Caerphilly 003B,Unable to prosecute suspect
f855941079008011d13d7e0a461079342b90150e825aa948a87ceb25f8622162,2022-04,Gwent Police,Gwent Police,-3.288090,51.647055,On or near Sports/Recreation Area,W01001378,Caerphilly 013B,Suspect charged
c82fbd3a1dfb032ad0a0eb00ac743d67197eaf162aa9801bb26bb1c3c0038e32,2022-04,Gwent Police,Gwent Police,-2.954005,51.590793,On or near FARMWOOD CLOSE,W01001606,Newport 008A,Unable to prosecute suspect
c04420f9ab1a3217d7729a7f0b814cd0cc12fcc67ddfb34a95a5eb4627417b8e,2022-04,Gwent Police,Gwent Police,-2.731360,51.590117,On or near ARTHURS COURT,W01001578,Monmouthshire 009C,Unable to prosecute suspect
66c949a85e2d30af2fe0522b64569951582485be52627851b08a0511d2bdc054,2022-04,Gwent Police,Gwent Police,-2.953101,51.577295,On or near MEADS CLOSE,W01001648,Newport 015G,Unable to prosecute suspect
eb93490afde42e6fc2af96ea1d7543f205b6ffba1c218db6646b3d17f7c953cd,2022-04,Gwent Police,Gwent Police,-3.168117,51.785432,On or near VINCENT AVENUE,W01001468,Blaenau Gwent 005E,Unable to prosecute suspect
a2f9bfbdc1bf1bd06c962a204c2aa64f56b8c2e7cfe9b80b45a0ca9438fc222a,2022-04,Gwent Police,Gwent Police,-3.048179,51.652760,On or near Pedestrian Subway,W01001501,Torfaen 009A,Suspect charged
7627dcb066ee1fdbab5014d4b797fe117eff7f60e2b8c7416847390f5283d57b,2022-04,Gwent Police,Gwent Police,-2.995311,51.590450,On or near Pedestrian Subway,W01001687,Newport 014D,Unable to prosecute suspect
62149769c51024f9d4701f04a3f226963f3a7808682fefb5e2538abcbb08080b,2022-04,Gwent Police,Gwent Police,-3.126730,51.628942,On or near ARCH HILL,W01001354,Caerphilly 014D,Unable to prosecute suspect
0afbc917cbcc3edfb39a7ed6aaf9dbe716796a6278eefecaf5bee93d91e22d84,2022-04,Gwent Police,Gwent Police,-3.076245,51.775052,On or near PEN-MYNYDD,W01001488,Torfaen 001B,Unable to prosecute suspect
14ffe72582c9f46714d5c94cfa1888c3fbbaea2e0d1cc6ed5cd20a5b0f43b55c,2022-04,Gwent Police,Gwent Police,-2.989451,51.570565,On or near WATCH HOUSE PARADE,W01001660,Newport 018B,Unable to prosecute suspect
c5f560b85d4a5d359155e502e1f6cae9fdde5997213d374ee00b1a8357067d61,2022-04,Gwent Police,Gwent Police,-3.006392,51.588890,On or near Parking Area,W01001603,Newport 012C,Unable to prosecute suspect
